barbara,alvarez,1927-10-04,29eea220-dc3f-4a18-87b6-fba2b4d989b0
barbara,alvarez,1930-07-20,29eea220-dc3f-4a18-87b6-fba2b4d989b0
barbara,alvarez,1944-08-09,29eea220-dc3f-4a18-87b6-fba2b4d989b0
barbara,alvarez,1949-04-16,29eea220-dc3f-4a18-87b6-fba2b4d989b0
barbara,alvarez,1960-04-26,29eea220-dc3f-4a18-87b6-fba2b4d989b0
barbara,alvarez,1986-08-29,29eea220-dc3f-4a18-87b6-fba2b4d989b0
diego,alvarez,1953-06-14,29eea220-dc3f-4a18-87b6-fba2b4d989b0
diego,alvarez,1955-06-08,29eea220-dc3f-4a18-87b6-fba2b4d989b0
diego,alvarez,1960-08-03,29eea220-dc3f-4a18-87b6-fba2b4d989b0
diego,alvarez,1964-11-27,29eea220-dc3f-4a18-87b6-fba2b4d989b0
diego,alvarez,1984-05-01,29eea220-dc3f-4a18-87b6-fba2b4d989b0
diego,alvarez,1986-04-11,29eea220-dc3f-4a18-87b6-fba2b4d989b0
federico,alvarez,1926-07-04,29eea220-dc3f-4a18-87b6-fba2b4d989b0
federico,alvarez,1990-04-19,29eea220-dc3f-4a18-87b6-fba2b4d989b0
federico,alvarez,1993-08-09,29eea220-dc3f-4a18-87b6-fba2b4d989b0
federico,alvarez,1997-04-15,29eea220-dc3f-4a18-87b6-fba2b4d989b0
federico,alvarez,2002-09-20,29eea220-dc3f-4a18-87b6-fba2b4d989b0
federico,alvarez,2018-05-06,29eea220-dc3f-4a18-87b6-fba2b4d989b0
jacqueline,alvarez,1956-08-26,29eea220-dc3f-4a18-87b6-fba2b4d989b0
jacqueline,alvarez,1973-08-15,29eea220-dc3f-4a18-87b6-fba2b4d989b0
james,alvarez,1961-06-21,29eea220-dc3f-4a18-87b6-fba2b4d989b0
james,alvarez,1964-09-27,29eea220-dc3f-4a18-87b6-fba2b4d989b0
james,alvarez,1969-06-26,29eea220-dc3f-4a18-87b6-fba2b4d989b0
james,alvarez,1972-10-12,29eea220-dc3f-4a18-87b6-fba2b4d989b0
james,alvarez,1988-07-21,29eea220-dc3f-4a18-87b6-fba2b4d989b0
james,alvarez,2020-09-07,29eea220-dc3f-4a18-87b6-fba2b4d989b0
jennifer,alvarez,1986-03-13,29eea220-dc3f-4a18-87b6-fba2b4d989b0
jennifer,alvarez,1998-04-17,29eea220-dc3f-4a18-87b6-fba2b4d989b0
jessica,alvarez,1934-10-17,29eea220-dc3f-4a18-87b6-fba2b4d989b0
jessica,alvarez,1936-01-02,29eea220-dc3f-4a18-87b6-fba2b4d989b0
jessica,alvarez,1943-05-08,29eea220-dc3f-4a18-87b6-fba2b4d989b0
jessica,alvarez,1957-08-18,29eea220-dc3f-4a18-87b6-fba2b4d989b0
jessica,alvarez,1994-02-10,29eea220-dc3f-4a18-87b6-fba2b4d989b0
jessica,alvarez,1996-03-26,29eea220-dc3f-4a18-87b6-fba2b4d989b0
jessica,alvarez,2009-01-10,29eea220-dc3f-4a18-87b6-fba2b4d989b0
jessica,alvarez,2010-05-09,29eea220-dc3f-4a18-87b6-fba2b4d989b0
jessica,alvarez,2011-02-21,29eea220-dc3f-4a18-87b6-fba2b4d989b0
jose,alvarez,1937-06-01,29eea220-dc3f-4a18-87b6-fba2b4d989b0
jose,alvarez,1948-02-23,29eea220-dc3f-4a18-87b6-fba2b4d989b0
jose,alvarez,1954-03-17,29eea220-dc3f-4a18-87b6-fba2b4d989b0
jose,alvarez,1987-08-21,29eea220-dc3f-4a18-87b6-fba2b4d989b0
jose,alvarez,1998-09-28,29eea220-dc3f-4a18-87b6-fba2b4d989b0
jose,alvarez,2022-09-09,29eea220-dc3f-4a18-87b6-fba2b4d989b0
kathleen,alvarez,1935-10-25,29eea220-dc3f-4a18-87b6-fba2b4d989b0
kathleen,alvarez,1941-06-11,29eea220-dc3f-4a18-87b6-fba2b4d989b0
kathleen,alvarez,1964-11-16,29eea220-dc3f-4a18-87b6-fba2b4d989b0
kathleen,alvarez,1985-03-05,29eea220-dc3f-4a18-87b6-fba2b4d989b0
kathleen,alvarez,2011-06-19,29eea220-dc3f-4a18-87b6-fba2b4d989b0
kathleen,alvarez,2014-03-11,29eea220-dc3f-4a18-87b6-fba2b4d989b0
marcel,alvarez,1938-11-28,29eea220-dc3f-4a18-87b6-fba2b4d989b0
marcel,alvarez,1939-08-09,29eea220-dc3f-4a18-87b6-fba2b4d989b0
marcel,alvarez,1945-11-19,29eea220-dc3f-4a18-87b6-fba2b4d989b0
marcel,alvarez,1949-01-19,29eea220-dc3f-4a18-87b6-fba2b4d989b0
marcel,alvarez,1989-04-22,29eea220-dc3f-4a18-87b6-fba2b4d989b0
marcel,alvarez,1993-06-24,29eea220-dc3f-4a18-87b6-fba2b4d989b0
marcel,alvarez,1994-08-08,29eea220-dc3f-4a18-87b6-fba2b4d989b0
marcel,alvarez,1995-11-07,29eea220-dc3f-4a18-87b6-fba2b4d989b0
marcel,alvarez,1996-04-05,29eea220-dc3f-4a18-87b6-fba2b4d989b0
marcel,alvarez,2022-02-12,29eea220-dc3f-4a18-87b6-fba2b4d989b0
maria,alvarez,1934-04-13,29eea220-dc3f-4a18-87b6-fba2b4d989b0
maria,alvarez,1934-07-11,29eea220-dc3f-4a18-87b6-fba2b4d989b0
maria,alvarez,1976-03-29,29eea220-dc3f-4a18-87b6-fba2b4d989b0
maria,alvarez,1991-04-26,29eea220-dc3f-4a18-87b6-fba2b4d989b0
maria,alvarez,2005-01-13,29eea220-dc3f-4a18-87b6-fba2b4d989b0
ming,alvarez,1926-01-26,29eea220-dc3f-4a18-87b6-fba2b4d989b0
ming,alvarez,1944-11-12,29eea220-dc3f-4a18-87b6-fba2b4d989b0
ming,alvarez,1982-10-15,29eea220-dc3f-4a18-87b6-fba2b4d989b0
ming,alvarez,1998-03-17,29eea220-dc3f-4a18-87b6-fba2b4d989b0
robert,alvarez,1959-02-08,29eea220-dc3f-4a18-87b6-fba2b4d989b0
tomas,alvarez,1952-10-22,29eea220-dc3f-4a18-87b6-fba2b4d989b0
tomas,alvarez,1997-03-02,29eea220-dc3f-4a18-87b6-fba2b4d989b0
walter,alvarez,1934-10-08,29eea220-dc3f-4a18-87b6-fba2b4d989b0
walter,alvarez,1937-02-01,29eea220-dc3f-4a18-87b6-fba2b4d989b0
walter,alvarez,1938-07-25,29eea220-dc3f-4a18-87b6-fba2b4d989b0
walter,alvarez,1983-02-07,29eea220-dc3f-4a18-87b6-fba2b4d989b0
walter,alvarez,1986-04-09,29eea220-dc3f-4a18-87b6-fba2b4d989b0
walter,alvarez,2007-10-26,29eea220-dc3f-4a18-87b6-fba2b4d989b0
walter,alvarez,2015-06-14,29eea220-dc3f-4a18-87b6-fba2b4d989b0
barbara,carpenter,1964-01-29,29eea220-dc3f-4a18-87b6-fba2b4d989b0
barbara,carpenter,2005-03-28,29eea220-dc3f-4a18-87b6-fba2b4d989b0
barbara,carpenter,2014-08-06,29eea220-dc3f-4a18-87b6-fba2b4d989b0
barbara,carpenter,2014-11-05,29eea220-dc3f-4a18-87b6-fba2b4d989b0
barbara,carpenter,2015-01-27,29eea220-dc3f-4a18-87b6-fba2b4d989b0
barbara,carpenter,2016-08-06,29eea220-dc3f-4a18-87b6-fba2b4d989b0
diego,carpenter,1930-11-05,29eea220-dc3f-4a18-87b6-fba2b4d989b0
diego,carpenter,1964-06-02,29eea220-dc3f-4a18-87b6-fba2b4d989b0
diego,carpenter,1998-04-09,29eea220-dc3f-4a18-87b6-fba2b4d989b0
diego,carpenter,2003-09-25,29eea220-dc3f-4a18-87b6-fba2b4d989b0
diego,carpenter,2012-02-01,29eea220-dc3f-4a18-87b6-fba2b4d989b0
jacqueline,carpenter,1929-05-22,29eea220-dc3f-4a18-87b6-fba2b4d989b0
jacqueline,carpenter,1940-10-28,29eea220-dc3f-4a18-87b6-fba2b4d989b0
jacqueline,carpenter,1977-07-02,29eea220-dc3f-4a18-87b6-fba2b4d989b0
jacqueline,carpenter,1994-06-15,29eea220-dc3f-4a18-87b6-fba2b4d989b0
jacqueline,carpenter,2000-05-11,29eea220-dc3f-4a18-87b6-fba2b4d989b0
jacqueline,carpenter,2006-02-17,29eea220-dc3f-4a18-87b6-fba2b4d989b0
james,carpenter,1926-05-11,29eea220-dc3f-4a18-87b6-fba2b4d989b0
james,carpenter,1931-09-10,29eea220-dc3f-4a18-87b6-fba2b4d989b0
james,carpenter,1981-05-27,29eea220-dc3f-4a18-87b6-fba2b4d989b0
james,carpenter,2016-08-21,29eea220-dc3f-4a18-87b6-fba2b4d989b0
jennifer,carpenter,1985-08-13,29eea220-dc3f-4a18-87b6-fba2b4d989b0
jessica,carpenter,1960-05-10,29eea220-dc3f-4a18-87b6-fba2b4d989b0
jessica,carpenter,1981-10-08,29eea220-dc3f-4a18-87b6-fba2b4d989b0
jessica,carpenter,1983-06-14,29eea220-dc3f-4a18-87b6-fba2b4d989b0
jessica,carpenter,1992-04-22,29eea220-dc3f-4a18-87b6-fba2b4d989b0
jessica,carpenter,2017-10-30,29eea220-dc3f-4a18-87b6-fba2b4d989b0
jose,carpenter,2023-08-14,29eea220-dc3f-4a18-87b6-fba2b4d989b0
kathleen,carpenter,1958-07-26,29eea220-dc3f-4a18-87b6-fba2b4d989b0
kathleen,carpenter,1960-10-20,29eea220-dc3f-4a18-87b6-fba2b4d989b0
kathleen,carpenter,1961-01-05,29eea220-dc3f-4a18-87b6-fba2b4d989b0
kathleen,carpenter,1974-03-11,29eea220-dc3f-4a18-87b6-fba2b4d989b0
kathleen,carpenter,1985-02-16,29eea220-dc3f-4a18-87b6-fba2b4d989b0
kathleen,carpenter,1998-05-21,29eea220-dc3f-4a18-87b6-fba2b4d989b0
kathleen,carpenter,2006-09-08,29eea220-dc3f-4a18-87b6-fba2b4d989b0
kathleen,carpenter,2010-10-23,29eea220-dc3f-4a18-87b6-fba2b4d989b0
marcel,carpenter,1935-02-11,29eea220-dc3f-4a18-87b6-fba2b4d989b0
marcel,carpenter,1938-09-20,29eea220-dc3f-4a18-87b6-fba2b4d989b0
marcel,carpenter,1996-07-16,29eea220-dc3f-4a18-87b6-fba2b4d989b0
marcel,carpenter,1997-09-27,29eea220-dc3f-4a18-87b6-fba2b4d989b0
marcel,carpenter,2006-02-14,29eea220-dc3f-4a18-87b6-fba2b4d989b0
marcel,carpenter,2023-04-09,29eea220-dc3f-4a18-87b6-fba2b4d989b0
maria,carpenter,1983-02-13,29eea220-dc3f-4a18-87b6-fba2b4d989b0
maria,carpenter,1995-07-10,29eea220-dc3f-4a18-87b6-fba2b4d989b0
maria,carpenter,2002-05-27,29eea220-dc3f-4a18-87b6-fba2b4d989b0
maria,carpenter,2014-09-28,29eea220-dc3f-4a18-87b6-fba2b4d989b0
maria,carpenter,2020-09-25,29eea220-dc3f-4a18-87b6-fba2b4d989b0
ming,carpenter,1980-11-22,29eea220-dc3f-4a18-87b6-fba2b4d989b0
ming,carpenter,1990-10-17,29eea220-dc3f-4a18-87b6-fba2b4d989b0
robert,carpenter,1938-01-08,29eea220-dc3f-4a18-87b6-fba2b4d989b0
robert,carpenter,1951-03-03,29eea220-dc3f-4a18-87b6-fba2b4d989b0
robert,carpenter,1951-11-27,29eea220-dc3f-4a18-87b6-fba2b4d989b0
robert,carpenter,1986-03-01,29eea220-dc3f-4a18-87b6-fba2b4d989b0
robert,carpenter,1990-10-16,29eea220-dc3f-4a18-87b6-fba2b4d989b0
tomas,carpenter,1933-11-21,29eea220-dc3f-4a18-87b6-fba2b4d989b0
tomas,carpenter,1941-09-25,29eea220-dc3f-4a18-87b6-fba2b4d989b0
tomas,carpenter,1941-11-18,29eea220-dc3f-4a18-87b6-fba2b4d989b0
tomas,carpenter,1970-10-06,29eea220-dc3f-4a18-87b6-fba2b4d989b0
tomas,carpenter,1984-08-07,29eea220-dc3f-4a18-87b6-fba2b4d989b0
tomas,carpenter,1997-10-05,29eea220-dc3f-4a18-87b6-fba2b4d989b0
tomas,carpenter,2018-11-26,29eea220-dc3f-4a18-87b6-fba2b4d989b0
walter,carpenter,1929-06-05,29eea220-dc3f-4a18-87b6-fba2b4d989b0
walter,carpenter,1945-03-04,29eea220-dc3f-4a18-87b6-fba2b4d989b0
walter,carpenter,1948-08-27,29eea220-dc3f-4a18-87b6-fba2b4d989b0
barbara,deandre,1967-09-22,29eea220-dc3f-4a18-87b6-fba2b4d989b0
barbara,deandre,1981-02-07,29eea220-dc3f-4a18-87b6-fba2b4d989b0
barbara,deandre,2002-02-01,29eea220-dc3f-4a18-87b6-fba2b4d989b0
diego,deandre,1943-09-29,29eea220-dc3f-4a18-87b6-fba2b4d989b0
diego,deandre,1967-05-02,29eea220-dc3f-4a18-87b6-fba2b4d989b0
diego,deandre,2004-01-29,29eea220-dc3f-4a18-87b6-fba2b4d989b0
diego,deandre,2007-06-20,29eea220-dc3f-4a18-87b6-fba2b4d989b0
diego,deandre,2021-11-01,29eea220-dc3f-4a18-87b6-fba2b4d989b0
federico,deandre,1926-05-19,29eea220-dc3f-4a18-87b6-fba2b4d989b0
federico,deandre,1930-01-23,29eea220-dc3f-4a18-87b6-fba2b4d989b0
federico,deandre,1932-10-06,29eea220-dc3f-4a18-87b6-fba2b4d989b0
federico,deandre,1994-09-06,29eea220-dc3f-4a18-87b6-fba2b4d989b0
federico,deandre,1996-07-18,29eea220-dc3f-4a18-87b6-fba2b4d989b0
federico,deandre,2008-09-15,29eea220-dc3f-4a18-87b6-fba2b4d989b0
federico,deandre,2010-02-24,29eea220-dc3f-4a18-87b6-fba2b4d989b0
federico,deandre,2020-08-18,29eea220-dc3f-4a18-87b6-fba2b4d989b0
jacqueline,deandre,1933-01-01,29eea220-dc3f-4a18-87b6-fba2b4d989b0
jacqueline,deandre,1984-10-28,29eea220-dc3f-4a18-87b6-fba2b4d989b0
jacqueline,deandre,1992-08-22,29eea220-dc3f-4a18-87b6-fba2b4d989b0
james,deandre,1960-03-17,29eea220-dc3f-4a18-87b6-fba2b4d989b0
jennifer,deandre,1928-03-25,29eea220-dc3f-4a18-87b6-fba2b4d989b0
jennifer,deandre,1930-03-02,29eea220-dc3f-4a18-87b6-fba2b4d989b0
jennifer,deandre,1936-01-29,29eea220-dc3f-4a18-87b6-fba2b4d989b0
jennifer,deandre,1947-07-29,29eea220-dc3f-4a18-87b6-fba2b4d989b0
jennifer,deandre,1981-01-16,29eea220-dc3f-4a18-87b6-fba2b4d989b0
jennifer,deandre,1982-09-12,29eea220-dc3f-4a18-87b6-fba2b4d989b0
jessica,deandre,1946-07-19,29eea220-dc3f-4a18-87b6-fba2b4d989b0
jessica,deandre,1961-05-07,29eea220-dc3f-4a18-87b6-fba2b4d989b0
jessica,deandre,1967-02-05,29eea220-dc3f-4a18-87b6-fba2b4d989b0
jessica,deandre,1977-09-18,29eea220-dc3f-4a18-87b6-fba2b4d989b0
jose,deandre,1953-10-26,29eea220-dc3f-4a18-87b6-fba2b4d989b0
jose,deandre,2020-06-12,29eea220-dc3f-4a18-87b6-fba2b4d989b0
kathleen,deandre,1929-03-09,29eea220-dc3f-4a18-87b6-fba2b4d989b0
kathleen,deandre,1935-01-21,29eea220-dc3f-4a18-87b6-fba2b4d989b0
kathleen,deandre,1943-05-14,29eea220-dc3f-4a18-87b6-fba2b4d989b0
kathleen,deandre,1952-07-27,29eea220-dc3f-4a18-87b6-fba2b4d989b0
kathleen,deandre,1966-01-17,29eea220-dc3f-4a18-87b6-fba2b4d989b0
kathleen,deandre,1977-03-16,29eea220-dc3f-4a18-87b6-fba2b4d989b0
kathleen,deandre,1997-06-14,29eea220-dc3f-4a18-87b6-fba2b4d989b0
marcel,deandre,1932-05-03,29eea220-dc3f-4a18-87b6-fba2b4d989b0
marcel,deandre,1946-07-23,29eea220-dc3f-4a18-87b6-fba2b4d989b0
marcel,deandre,1954-01-02,29eea220-dc3f-4a18-87b6-fba2b4d989b0
marcel,deandre,1957-07-28,29eea220-dc3f-4a18-87b6-fba2b4d989b0
marcel,deandre,1965-03-12,29eea220-dc3f-4a18-87b6-fba2b4d989b0
marcel,deandre,1979-06-18,29eea220-dc3f-4a18-87b6-fba2b4d989b0
marcel,deandre,2012-09-16,29eea220-dc3f-4a18-87b6-fba2b4d989b0
maria,deandre,1929-09-20,29eea220-dc3f-4a18-87b6-fba2b4d989b0
maria,deandre,1940-10-23,29eea220-dc3f-4a18-87b6-fba2b4d989b0
maria,deandre,1958-05-18,29eea220-dc3f-4a18-87b6-fba2b4d989b0
maria,deandre,1960-09-17,29eea220-dc3f-4a18-87b6-fba2b4d989b0
maria,deandre,1962-04-10,29eea220-dc3f-4a18-87b6-fba2b4d989b0
maria,deandre,1965-10-06,29eea220-dc3f-4a18-87b6-fba2b4d989b0
maria,deandre,1975-04-19,29eea220-dc3f-4a18-87b6-fba2b4d989b0
maria,deandre,1989-03-13,29eea220-dc3f-4a18-87b6-fba2b4d989b0
maria,deandre,2001-07-19,29eea220-dc3f-4a18-87b6-fba2b4d989b0
maria,deandre,2012-08-10,29eea220-dc3f-4a18-87b6-fba2b4d989b0
ming,deandre,1928-07-02,29eea220-dc3f-4a18-87b6-fba2b4d989b0
ming,deandre,1941-01-20,29eea220-dc3f-4a18-87b6-fba2b4d989b0
ming,deandre,1943-04-13,29eea220-dc3f-4a18-87b6-fba2b4d989b0
ming,deandre,1950-01-27,29eea220-dc3f-4a18-87b6-fba2b4d989b0
ming,deandre,1953-05-23,29eea220-dc3f-4a18-87b6-fba2b4d989b0
ming,deandre,1954-09-02,29eea220-dc3f-4a18-87b6-fba2b4d989b0
ming,deandre,1982-03-18,29eea220-dc3f-4a18-87b6-fba2b4d989b0
ming,deandre,2002-01-29,29eea220-dc3f-4a18-87b6-fba2b4d989b0
robert,deandre,1928-09-26,29eea220-dc3f-4a18-87b6-fba2b4d989b0
robert,deandre,1941-02-18,29eea220-dc3f-4a18-87b6-fba2b4d989b0
robert,deandre,1967-02-26,29eea220-dc3f-4a18-87b6-fba2b4d989b0
robert,deandre,1967-05-04,29eea220-dc3f-4a18-87b6-fba2b4d989b0
robert,deandre,1968-03-29,29eea220-dc3f-4a18-87b6-fba2b4d989b0
robert,deandre,1972-11-24,29eea220-dc3f-4a18-87b6-fba2b4d989b0
tomas,deandre,1952-02-19,29eea220-dc3f-4a18-87b6-fba2b4d989b0
tomas,deandre,1953-06-15,29eea220-dc3f-4a18-87b6-fba2b4d989b0
tomas,deandre,1967-03-03,29eea220-dc3f-4a18-87b6-fba2b4d989b0
tomas,deandre,1969-08-30,29eea220-dc3f-4a18-87b6-fba2b4d989b0
walter,deandre,1948-05-27,29eea220-dc3f-4a18-87b6-fba2b4d989b0
walter,deandre,1968-08-11,29eea220-dc3f-4a18-87b6-fba2b4d989b0
walter,deandre,1984-06-21,29eea220-dc3f-4a18-87b6-fba2b4d989b0
walter,deandre,1997-07-04,29eea220-dc3f-4a18-87b6-fba2b4d989b0
walter,deandre,2008-05-02,29eea220-dc3f-4a18-87b6-fba2b4d989b0
walter,deandre,2015-02-08,29eea220-dc3f-4a18-87b6-fba2b4d989b0
walter,deandre,2023-06-02,29eea220-dc3f-4a18-87b6-fba2b4d989b0
barbara,garten,1928-07-13,29eea220-dc3f-4a18-87b6-fba2b4d989b0
barbara,garten,1929-03-19,29eea220-dc3f-4a18-87b6-fba2b4d989b0
barbara,garten,1948-09-25,29eea220-dc3f-4a18-87b6-fba2b4d989b0
barbara,garten,1957-04-16,29eea220-dc3f-4a18-87b6-fba2b4d989b0
barbara,garten,1974-08-23,29eea220-dc3f-4a18-87b6-fba2b4d989b0
diego,garten,1936-05-22,29eea220-dc3f-4a18-87b6-fba2b4d989b0
diego,garten,1941-09-17,29eea220-dc3f-4a18-87b6-fba2b4d989b0
diego,garten,1997-05-23,29eea220-dc3f-4a18-87b6-fba2b4d989b0
diego,garten,2000-05-16,29eea220-dc3f-4a18-87b6-fba2b4d989b0
diego,garten,2008-03-08,29eea220-dc3f-4a18-87b6-fba2b4d989b0
diego,garten,2016-06-28,29eea220-dc3f-4a18-87b6-fba2b4d989b0
diego,garten,2018-03-06,29eea220-dc3f-4a18-87b6-fba2b4d989b0
federico,garten,1924-04-13,29eea220-dc3f-4a18-87b6-fba2b4d989b0
federico,garten,1954-11-08,29eea220-dc3f-4a18-87b6-fba2b4d989b0
federico,garten,1986-11-27,29eea220-dc3f-4a18-87b6-fba2b4d989b0
federico,garten,2007-11-17,29eea220-dc3f-4a18-87b6-fba2b4d989b0
federico,garten,2010-04-02,29eea220-dc3f-4a18-87b6-fba2b4d989b0
jacqueline,garten,1929-03-24,29eea220-dc3f-4a18-87b6-fba2b4d989b0
jacqueline,garten,1932-11-26,29eea220-dc3f-4a18-87b6-fba2b4d989b0
jacqueline,garten,1983-11-24,29eea220-dc3f-4a18-87b6-fba2b4d989b0
james,garten,1968-09-12,29eea220-dc3f-4a18-87b6-fba2b4d989b0
james,garten,1985-02-23,29eea220-dc3f-4a18-87b6-fba2b4d989b0
jennifer,garten,1927-02-04,29eea220-dc3f-4a18-87b6-fba2b4d989b0
jennifer,garten,1942-07-14,29eea220-dc3f-4a18-87b6-fba2b4d989b0
jennifer,garten,1949-06-15,29eea220-dc3f-4a18-87b6-fba2b4d989b0
jennifer,garten,1974-06-14,29eea220-dc3f-4a18-87b6-fba2b4d989b0
jennifer,garten,2019-03-17,29eea220-dc3f-4a18-87b6-fba2b4d989b0
jessica,garten,1927-05-19,29eea220-dc3f-4a18-87b6-fba2b4d989b0
jessica,garten,1960-03-22,29eea220-dc3f-4a18-87b6-fba2b4d989b0
jessica,garten,1970-08-22,29eea220-dc3f-4a18-87b6-fba2b4d989b0
jessica,garten,1995-03-15,29eea220-dc3f-4a18-87b6-fba2b4d989b0
jessica,garten,2016-07-17,29eea220-dc3f-4a18-87b6-fba2b4d989b0
jessica,garten,2023-05-20,29eea220-dc3f-4a18-87b6-fba2b4d989b0
jose,garten,1946-07-16,29eea220-dc3f-4a18-87b6-fba2b4d989b0
jose,garten,1957-04-22,29eea220-dc3f-4a18-87b6-fba2b4d989b0
jose,garten,1960-09-29,29eea220-dc3f-4a18-87b6-fba2b4d989b0
jose,garten,1971-04-22,29eea220-dc3f-4a18-87b6-fba2b4d989b0
kathleen,garten,1933-07-02,29eea220-dc3f-4a18-87b6-fba2b4d989b0
kathleen,garten,1985-08-20,29eea220-dc3f-4a18-87b6-fba2b4d989b0
kathleen,garten,2002-02-20,29eea220-dc3f-4a18-87b6-fba2b4d989b0
marcel,garten,1936-08-12,29eea220-dc3f-4a18-87b6-fba2b4d989b0
marcel,garten,1985-03-15,29eea220-dc3f-4a18-87b6-fba2b4d989b0
marcel,garten,2021-11-22,29eea220-dc3f-4a18-87b6-fba2b4d989b0
maria,garten,1953-10-18,29eea220-dc3f-4a18-87b6-fba2b4d989b0
ming,garten,1929-06-02,29eea220-dc3f-4a18-87b6-fba2b4d989b0
ming,garten,1929-09-23,29eea220-dc3f-4a18-87b6-fba2b4d989b0
ming,garten,1935-10-10,29eea220-dc3f-4a18-87b6-fba2b4d989b0
ming,garten,1947-03-12,29eea220-dc3f-4a18-87b6-fba2b4d989b0
ming,garten,1964-04-02,29eea220-dc3f-4a18-87b6-fba2b4d989b0
ming,garten,2016-03-18,29eea220-dc3f-4a18-87b6-fba2b4d989b0
ming,garten,2020-10-27,29eea220-dc3f-4a18-87b6-fba2b4d989b0
ming,garten,2021-11-26,29eea220-dc3f-4a18-87b6-fba2b4d989b0
robert,garten,1925-04-10,29eea220-dc3f-4a18-87b6-fba2b4d989b0
robert,garten,1925-05-04,29eea220-dc3f-4a18-87b6-fba2b4d989b0
robert,garten,1933-09-27,29eea220-dc3f-4a18-87b6-fba2b4d989b0
robert,garten,1934-04-25,29eea220-dc3f-4a18-87b6-fba2b4d989b0
robert,garten,1960-06-10,29eea220-dc3f-4a18-87b6-fba2b4d989b0
tomas,garten,1927-02-06,29eea220-dc3f-4a18-87b6-fba2b4d989b0
tomas,garten,1948-01-26,29eea220-dc3f-4a18-87b6-fba2b4d989b0
tomas,garten,1959-04-27,29eea220-dc3f-4a18-87b6-fba2b4d989b0
tomas,garten,1967-08-02,29eea220-dc3f-4a18-87b6-fba2b4d989b0
tomas,garten,1978-09-24,29eea220-dc3f-4a18-87b6-fba2b4d989b0
tomas,garten,1994-05-28,29eea220-dc3f-4a18-87b6-fba2b4d989b0
walter,garten,1932-07-12,29eea220-dc3f-4a18-87b6-fba2b4d989b0
walter,garten,1942-08-27,29eea220-dc3f-4a18-87b6-fba2b4d989b0
barbara,gomez,1948-11-15,29eea220-dc3f-4a18-87b6-fba2b4d989b0
barbara,gomez,1949-01-12,29eea220-dc3f-4a18-87b6-fba2b4d989b0
barbara,gomez,1957-02-01,29eea220-dc3f-4a18-87b6-fba2b4d989b0
barbara,gomez,1992-08-23,29eea220-dc3f-4a18-87b6-fba2b4d989b0
barbara,gomez,2003-04-20,29eea220-dc3f-4a18-87b6-fba2b4d989b0
diego,gomez,1924-01-04,29eea220-dc3f-4a18-87b6-fba2b4d989b0
diego,gomez,1949-06-05,29eea220-dc3f-4a18-87b6-fba2b4d989b0
diego,gomez,1959-05-14,29eea220-dc3f-4a18-87b6-fba2b4d989b0
diego,gomez,1971-08-14,29eea220-dc3f-4a18-87b6-fba2b4d989b0
diego,gomez,2012-07-25,29eea220-dc3f-4a18-87b6-fba2b4d989b0
diego,gomez,2014-10-06,29eea220-dc3f-4a18-87b6-fba2b4d989b0
diego,gomez,2020-01-19,29eea220-dc3f-4a18-87b6-fba2b4d989b0
federico,gomez,2011-02-17,29eea220-dc3f-4a18-87b6-fba2b4d989b0
federico,gomez,2017-07-05,29eea220-dc3f-4a18-87b6-fba2b4d989b0
james,gomez,1943-10-28,29eea220-dc3f-4a18-87b6-fba2b4d989b0
james,gomez,1973-01-10,29eea220-dc3f-4a18-87b6-fba2b4d989b0
james,gomez,2020-06-18,29eea220-dc3f-4a18-87b6-fba2b4d989b0
james,gomez,2021-03-07,29eea220-dc3f-4a18-87b6-fba2b4d989b0
jennifer,gomez,1970-09-20,29eea220-dc3f-4a18-87b6-fba2b4d989b0
jennifer,gomez,1989-01-25,29eea220-dc3f-4a18-87b6-fba2b4d989b0
jennifer,gomez,2020-04-20,29eea220-dc3f-4a18-87b6-fba2b4d989b0
jessica,gomez,1932-09-09,29eea220-dc3f-4a18-87b6-fba2b4d989b0
jessica,gomez,1960-01-16,29eea220-dc3f-4a18-87b6-fba2b4d989b0
jessica,gomez,1978-04-12,29eea220-dc3f-4a18-87b6-fba2b4d989b0
jessica,gomez,2003-04-21,29eea220-dc3f-4a18-87b6-fba2b4d989b0
jessica,gomez,2004-06-07,29eea220-dc3f-4a18-87b6-fba2b4d989b0
jose,gomez,1998-01-22,29eea220-dc3f-4a18-87b6-fba2b4d989b0
jose,gomez,1998-08-09,29eea220-dc3f-4a18-87b6-fba2b4d989b0
kathleen,gomez,1961-11-13,29eea220-dc3f-4a18-87b6-fba2b4d989b0
kathleen,gomez,1969-10-12,29eea220-dc3f-4a18-87b6-fba2b4d989b0
kathleen,gomez,1982-05-28,29eea220-dc3f-4a18-87b6-fba2b4d989b0
kathleen,gomez,2004-01-05,29eea220-dc3f-4a18-87b6-fba2b4d989b0
kathleen,gomez,2015-10-16,29eea220-dc3f-4a18-87b6-fba2b4d989b0
marcel,gomez,1925-10-02,29eea220-dc3f-4a18-87b6-fba2b4d989b0
marcel,gomez,1932-03-05,29eea220-dc3f-4a18-87b6-fba2b4d989b0
marcel,gomez,1937-09-16,29eea220-dc3f-4a18-87b6-fba2b4d989b0
marcel,gomez,1977-09-10,29eea220-dc3f-4a18-87b6-fba2b4d989b0
marcel,gomez,1978-05-05,29eea220-dc3f-4a18-87b6-fba2b4d989b0
marcel,gomez,1981-03-27,29eea220-dc3f-4a18-87b6-fba2b4d989b0
marcel,gomez,1996-03-22,29eea220-dc3f-4a18-87b6-fba2b4d989b0
maria,gomez,1936-06-07,29eea220-dc3f-4a18-87b6-fba2b4d989b0
maria,gomez,1952-04-14,29eea220-dc3f-4a18-87b6-fba2b4d989b0
maria,gomez,1965-05-05,29eea220-dc3f-4a18-87b6-fba2b4d989b0
maria,gomez,1967-10-09,29eea220-dc3f-4a18-87b6-fba2b4d989b0
maria,gomez,1975-02-04,29eea220-dc3f-4a18-87b6-fba2b4d989b0
maria,gomez,2005-11-15,29eea220-dc3f-4a18-87b6-fba2b4d989b0
maria,gomez,2015-11-14,29eea220-dc3f-4a18-87b6-fba2b4d989b0
maria,gomez,2020-11-16,29eea220-dc3f-4a18-87b6-fba2b4d989b0
ming,gomez,1925-03-28,29eea220-dc3f-4a18-87b6-fba2b4d989b0
ming,gomez,1938-07-12,29eea220-dc3f-4a18-87b6-fba2b4d989b0
ming,gomez,1944-03-13,29eea220-dc3f-4a18-87b6-fba2b4d989b0
ming,gomez,1981-06-28,29eea220-dc3f-4a18-87b6-fba2b4d989b0
ming,gomez,1986-03-14,29eea220-dc3f-4a18-87b6-fba2b4d989b0
ming,gomez,1997-01-17,29eea220-dc3f-4a18-87b6-fba2b4d989b0
robert,gomez,1966-01-18,29eea220-dc3f-4a18-87b6-fba2b4d989b0
robert,gomez,1972-01-19,29eea220-dc3f-4a18-87b6-fba2b4d989b0
robert,gomez,1977-11-04,29eea220-dc3f-4a18-87b6-fba2b4d989b0
robert,gomez,1983-04-10,29eea220-dc3f-4a18-87b6-fba2b4d989b0
robert,gomez,1985-08-04,29eea220-dc3f-4a18-87b6-fba2b4d989b0
robert,gomez,2013-08-27,29eea220-dc3f-4a18-87b6-fba2b4d989b0
tomas,gomez,1930-06-03,29eea220-dc3f-4a18-87b6-fba2b4d989b0
tomas,gomez,1942-04-13,29eea220-dc3f-4a18-87b6-fba2b4d989b0
tomas,gomez,1943-06-15,29eea220-dc3f-4a18-87b6-fba2b4d989b0
tomas,gomez,1970-06-23,29eea220-dc3f-4a18-87b6-fba2b4d989b0
tomas,gomez,1971-09-06,29eea220-dc3f-4a18-87b6-fba2b4d989b0
tomas,gomez,1978-10-16,29eea220-dc3f-4a18-87b6-fba2b4d989b0
tomas,gomez,2003-03-27,29eea220-dc3f-4a18-87b6-fba2b4d989b0
tomas,gomez,2004-08-05,29eea220-dc3f-4a18-87b6-fba2b4d989b0
tomas,gomez,2010-08-06,29eea220-dc3f-4a18-87b6-fba2b4d989b0
walter,gomez,1933-10-25,29eea220-dc3f-4a18-87b6-fba2b4d989b0
walter,gomez,1949-06-08,29eea220-dc3f-4a18-87b6-fba2b4d989b0
walter,gomez,1951-08-04,29eea220-dc3f-4a18-87b6-fba2b4d989b0
walter,gomez,1977-02-26,29eea220-dc3f-4a18-87b6-fba2b4d989b0
walter,gomez,2006-04-05,29eea220-dc3f-4a18-87b6-fba2b4d989b0
barbara,hernandez,1932-01-06,29eea220-dc3f-4a18-87b6-fba2b4d989b0
barbara,hernandez,1936-01-28,29eea220-dc3f-4a18-87b6-fba2b4d989b0
barbara,hernandez,1948-10-12,29eea220-dc3f-4a18-87b6-fba2b4d989b0
barbara,hernandez,1962-07-19,29eea220-dc3f-4a18-87b6-fba2b4d989b0
barbara,hernandez,2008-01-29,29eea220-dc3f-4a18-87b6-fba2b4d989b0
diego,hernandez,1973-11-19,29eea220-dc3f-4a18-87b6-fba2b4d989b0
diego,hernandez,1974-08-24,29eea220-dc3f-4a18-87b6-fba2b4d989b0
diego,hernandez,1979-09-01,29eea220-dc3f-4a18-87b6-fba2b4d989b0
diego,hernandez,1991-03-21,29eea220-dc3f-4a18-87b6-fba2b4d989b0
federico,hernandez,1931-11-01,29eea220-dc3f-4a18-87b6-fba2b4d989b0
federico,hernandez,1970-03-01,29eea220-dc3f-4a18-87b6-fba2b4d989b0
federico,hernandez,1981-11-22,29eea220-dc3f-4a18-87b6-fba2b4d989b0
federico,hernandez,1989-11-03,29eea220-dc3f-4a18-87b6-fba2b4d989b0
federico,hernandez,1996-01-06,29eea220-dc3f-4a18-87b6-fba2b4d989b0
federico,hernandez,2018-10-05,29eea220-dc3f-4a18-87b6-fba2b4d989b0
jacqueline,hernandez,1947-05-15,29eea220-dc3f-4a18-87b6-fba2b4d989b0
jacqueline,hernandez,1948-05-29,29eea220-dc3f-4a18-87b6-fba2b4d989b0
jacqueline,hernandez,1964-07-19,29eea220-dc3f-4a18-87b6-fba2b4d989b0
jacqueline,hernandez,2015-11-13,29eea220-dc3f-4a18-87b6-fba2b4d989b0
james,hernandez,1928-10-23,29eea220-dc3f-4a18-87b6-fba2b4d989b0
james,hernandez,1934-07-08,29eea220-dc3f-4a18-87b6-fba2b4d989b0
james,hernandez,1937-02-27,29eea220-dc3f-4a18-87b6-fba2b4d989b0
james,hernandez,1952-08-20,29eea220-dc3f-4a18-87b6-fba2b4d989b0
james,hernandez,1982-05-10,29eea220-dc3f-4a18-87b6-fba2b4d989b0
james,hernandez,1991-08-22,29eea220-dc3f-4a18-87b6-fba2b4d989b0
jennifer,hernandez,1926-09-15,29eea220-dc3f-4a18-87b6-fba2b4d989b0
jennifer,hernandez,1929-04-27,29eea220-dc3f-4a18-87b6-fba2b4d989b0
jennifer,hernandez,1960-10-22,29eea220-dc3f-4a18-87b6-fba2b4d989b0
jennifer,hernandez,1966-04-03,29eea220-dc3f-4a18-87b6-fba2b4d989b0
jennifer,hernandez,1973-09-05,29eea220-dc3f-4a18-87b6-fba2b4d989b0
jennifer,hernandez,1981-08-26,29eea220-dc3f-4a18-87b6-fba2b4d989b0
jennifer,hernandez,1993-09-02,29eea220-dc3f-4a18-87b6-fba2b4d989b0
jennifer,hernandez,2002-04-06,29eea220-dc3f-4a18-87b6-fba2b4d989b0
jennifer,hernandez,2023-07-13,29eea220-dc3f-4a18-87b6-fba2b4d989b0
jessica,hernandez,1933-10-27,29eea220-dc3f-4a18-87b6-fba2b4d989b0
jessica,hernandez,1961-02-17,29eea220-dc3f-4a18-87b6-fba2b4d989b0
jessica,hernandez,2006-01-30,29eea220-dc3f-4a18-87b6-fba2b4d989b0
jose,hernandez,1940-03-05,29eea220-dc3f-4a18-87b6-fba2b4d989b0
jose,hernandez,1940-09-10,29eea220-dc3f-4a18-87b6-fba2b4d989b0
jose,hernandez,1950-01-27,29eea220-dc3f-4a18-87b6-fba2b4d989b0
jose,hernandez,1964-09-20,29eea220-dc3f-4a18-87b6-fba2b4d989b0
jose,hernandez,1991-04-18,29eea220-dc3f-4a18-87b6-fba2b4d989b0
kathleen,hernandez,1927-09-08,29eea220-dc3f-4a18-87b6-fba2b4d989b0
kathleen,hernandez,1948-03-07,29eea220-dc3f-4a18-87b6-fba2b4d989b0
kathleen,hernandez,1983-11-28,29eea220-dc3f-4a18-87b6-fba2b4d989b0
kathleen,hernandez,1991-05-12,29eea220-dc3f-4a18-87b6-fba2b4d989b0
marcel,hernandez,1955-06-05,29eea220-dc3f-4a18-87b6-fba2b4d989b0
marcel,hernandez,1979-10-10,29eea220-dc3f-4a18-87b6-fba2b4d989b0
marcel,hernandez,1989-02-20,29eea220-dc3f-4a18-87b6-fba2b4d989b0
marcel,hernandez,2002-03-05,29eea220-dc3f-4a18-87b6-fba2b4d989b0
marcel,hernandez,2007-01-24,29eea220-dc3f-4a18-87b6-fba2b4d989b0
maria,hernandez,1953-06-13,29eea220-dc3f-4a18-87b6-fba2b4d989b0
maria,hernandez,1986-09-19,29eea220-dc3f-4a18-87b6-fba2b4d989b0
maria,hernandez,1992-06-07,29eea220-dc3f-4a18-87b6-fba2b4d989b0
ming,hernandez,1948-10-03,29eea220-dc3f-4a18-87b6-fba2b4d989b0
ming,hernandez,1961-07-02,29eea220-dc3f-4a18-87b6-fba2b4d989b0
ming,hernandez,1981-01-30,29eea220-dc3f-4a18-87b6-fba2b4d989b0
ming,hernandez,1987-11-01,29eea220-dc3f-4a18-87b6-fba2b4d989b0
ming,hernandez,1991-04-08,29eea220-dc3f-4a18-87b6-fba2b4d989b0
ming,hernandez,2001-05-27,29eea220-dc3f-4a18-87b6-fba2b4d989b0
ming,hernandez,2003-10-30,29eea220-dc3f-4a18-87b6-fba2b4d989b0
ming,hernandez,2016-02-01,29eea220-dc3f-4a18-87b6-fba2b4d989b0
robert,hernandez,1927-07-22,29eea220-dc3f-4a18-87b6-fba2b4d989b0
robert,hernandez,1932-10-14,29eea220-dc3f-4a18-87b6-fba2b4d989b0
robert,hernandez,1972-01-15,29eea220-dc3f-4a18-87b6-fba2b4d989b0
robert,hernandez,1974-08-14,29eea220-dc3f-4a18-87b6-fba2b4d989b0
robert,hernandez,1983-11-24,29eea220-dc3f-4a18-87b6-fba2b4d989b0
robert,hernandez,2013-01-16,29eea220-dc3f-4a18-87b6-fba2b4d989b0
tomas,hernandez,1928-03-04,29eea220-dc3f-4a18-87b6-fba2b4d989b0
tomas,hernandez,1937-09-28,29eea220-dc3f-4a18-87b6-fba2b4d989b0
tomas,hernandez,1987-05-06,29eea220-dc3f-4a18-87b6-fba2b4d989b0
tomas,hernandez,1996-08-20,29eea220-dc3f-4a18-87b6-fba2b4d989b0
tomas,hernandez,1999-06-10,29eea220-dc3f-4a18-87b6-fba2b4d989b0
walter,hernandez,1966-01-23,29eea220-dc3f-4a18-87b6-fba2b4d989b0
walter,hernandez,1977-05-07,29eea220-dc3f-4a18-87b6-fba2b4d989b0
walter,hernandez,1983-06-22,29eea220-dc3f-4a18-87b6-fba2b4d989b0
walter,hernandez,1985-03-22,29eea220-dc3f-4a18-87b6-fba2b4d989b0
barbara,jones,1951-05-14,29eea220-dc3f-4a18-87b6-fba2b4d989b0
barbara,jones,1965-02-25,29eea220-dc3f-4a18-87b6-fba2b4d989b0
barbara,jones,1975-11-11,29eea220-dc3f-4a18-87b6-fba2b4d989b0
barbara,jones,1990-07-02,29eea220-dc3f-4a18-87b6-fba2b4d989b0
barbara,jones,2004-09-09,29eea220-dc3f-4a18-87b6-fba2b4d989b0
barbara,jones,2012-06-16,29eea220-dc3f-4a18-87b6-fba2b4d989b0
diego,jones,1931-01-30,29eea220-dc3f-4a18-87b6-fba2b4d989b0
diego,jones,1935-04-24,29eea220-dc3f-4a18-87b6-fba2b4d989b0
diego,jones,1948-11-22,29eea220-dc3f-4a18-87b6-fba2b4d989b0
diego,jones,1953-09-27,29eea220-dc3f-4a18-87b6-fba2b4d989b0
diego,jones,2004-07-15,29eea220-dc3f-4a18-87b6-fba2b4d989b0
diego,jones,2013-02-22,29eea220-dc3f-4a18-87b6-fba2b4d989b0
federico,jones,1936-06-18,29eea220-dc3f-4a18-87b6-fba2b4d989b0
federico,jones,1941-11-26,29eea220-dc3f-4a18-87b6-fba2b4d989b0
federico,jones,1956-02-20,29eea220-dc3f-4a18-87b6-fba2b4d989b0
federico,jones,2016-04-28,29eea220-dc3f-4a18-87b6-fba2b4d989b0
jacqueline,jones,1924-03-03,29eea220-dc3f-4a18-87b6-fba2b4d989b0
jacqueline,jones,1999-08-19,29eea220-dc3f-4a18-87b6-fba2b4d989b0
jacqueline,jones,2011-10-20,29eea220-dc3f-4a18-87b6-fba2b4d989b0
jacqueline,jones,2013-11-03,29eea220-dc3f-4a18-87b6-fba2b4d989b0
james,jones,1953-11-07,29eea220-dc3f-4a18-87b6-fba2b4d989b0
james,jones,1980-02-06,29eea220-dc3f-4a18-87b6-fba2b4d989b0
james,jones,1992-07-07,29eea220-dc3f-4a18-87b6-fba2b4d989b0
jennifer,jones,1924-09-01,29eea220-dc3f-4a18-87b6-fba2b4d989b0
jennifer,jones,1925-04-28,29eea220-dc3f-4a18-87b6-fba2b4d989b0
jennifer,jones,1958-01-22,29eea220-dc3f-4a18-87b6-fba2b4d989b0
jennifer,jones,1967-06-20,29eea220-dc3f-4a18-87b6-fba2b4d989b0
jennifer,jones,1968-11-23,29eea220-dc3f-4a18-87b6-fba2b4d989b0
jennifer,jones,1976-10-23,29eea220-dc3f-4a18-87b6-fba2b4d989b0
jennifer,jones,2008-09-06,29eea220-dc3f-4a18-87b6-fba2b4d989b0
jennifer,jones,2013-02-23,29eea220-dc3f-4a18-87b6-fba2b4d989b0
jessica,jones,1924-02-24,29eea220-dc3f-4a18-87b6-fba2b4d989b0
jessica,jones,1936-02-12,29eea220-dc3f-4a18-87b6-fba2b4d989b0
jessica,jones,1943-04-16,29eea220-dc3f-4a18-87b6-fba2b4d989b0
jessica,jones,1959-08-26,29eea220-dc3f-4a18-87b6-fba2b4d989b0
jessica,jones,1989-07-12,29eea220-dc3f-4a18-87b6-fba2b4d989b0
jessica,jones,1993-11-25,29eea220-dc3f-4a18-87b6-fba2b4d989b0
jessica,jones,2005-10-24,29eea220-dc3f-4a18-87b6-fba2b4d989b0
jessica,jones,2013-02-27,29eea220-dc3f-4a18-87b6-fba2b4d989b0
jessica,jones,2013-10-04,29eea220-dc3f-4a18-87b6-fba2b4d989b0
jessica,jones,2018-01-16,29eea220-dc3f-4a18-87b6-fba2b4d989b0
jose,jones,1926-07-13,29eea220-dc3f-4a18-87b6-fba2b4d989b0
jose,jones,1951-05-03,29eea220-dc3f-4a18-87b6-fba2b4d989b0
jose,jones,1963-02-05,29eea220-dc3f-4a18-87b6-fba2b4d989b0
jose,jones,1973-10-03,29eea220-dc3f-4a18-87b6-fba2b4d989b0
jose,jones,1979-03-22,29eea220-dc3f-4a18-87b6-fba2b4d989b0
jose,jones,2015-03-10,29eea220-dc3f-4a18-87b6-fba2b4d989b0
kathleen,jones,1929-08-17,29eea220-dc3f-4a18-87b6-fba2b4d989b0
kathleen,jones,1943-06-29,29eea220-dc3f-4a18-87b6-fba2b4d989b0
kathleen,jones,1970-01-22,29eea220-dc3f-4a18-87b6-fba2b4d989b0
kathleen,jones,1970-05-07,29eea220-dc3f-4a18-87b6-fba2b4d989b0
kathleen,jones,1970-06-26,29eea220-dc3f-4a18-87b6-fba2b4d989b0
kathleen,jones,1971-09-09,29eea220-dc3f-4a18-87b6-fba2b4d989b0
kathleen,jones,1980-04-04,29eea220-dc3f-4a18-87b6-fba2b4d989b0
kathleen,jones,1989-04-02,29eea220-dc3f-4a18-87b6-fba2b4d989b0
kathleen,jones,1996-11-18,29eea220-dc3f-4a18-87b6-fba2b4d989b0
marcel,jones,1944-04-02,29eea220-dc3f-4a18-87b6-fba2b4d989b0
marcel,jones,1964-03-05,29eea220-dc3f-4a18-87b6-fba2b4d989b0
marcel,jones,2002-08-13,29eea220-dc3f-4a18-87b6-fba2b4d989b0
maria,jones,1930-11-16,29eea220-dc3f-4a18-87b6-fba2b4d989b0
maria,jones,1947-07-06,29eea220-dc3f-4a18-87b6-fba2b4d989b0
maria,jones,1951-03-29,29eea220-dc3f-4a18-87b6-fba2b4d989b0
maria,jones,1967-01-17,29eea220-dc3f-4a18-87b6-fba2b4d989b0
maria,jones,2002-06-17,29eea220-dc3f-4a18-87b6-fba2b4d989b0
maria,jones,2018-06-21,29eea220-dc3f-4a18-87b6-fba2b4d989b0
ming,jones,1931-09-24,29eea220-dc3f-4a18-87b6-fba2b4d989b0
ming,jones,1941-03-03,29eea220-dc3f-4a18-87b6-fba2b4d989b0
ming,jones,1989-06-26,29eea220-dc3f-4a18-87b6-fba2b4d989b0
ming,jones,2003-11-14,29eea220-dc3f-4a18-87b6-fba2b4d989b0
robert,jones,1941-06-15,29eea220-dc3f-4a18-87b6-fba2b4d989b0
robert,jones,1942-04-07,29eea220-dc3f-4a18-87b6-fba2b4d989b0
robert,jones,1954-11-05,29eea220-dc3f-4a18-87b6-fba2b4d989b0
robert,jones,1968-10-10,29eea220-dc3f-4a18-87b6-fba2b4d989b0
robert,jones,1986-10-13,29eea220-dc3f-4a18-87b6-fba2b4d989b0
robert,jones,2017-05-10,29eea220-dc3f-4a18-87b6-fba2b4d989b0
tomas,jones,1936-09-11,29eea220-dc3f-4a18-87b6-fba2b4d989b0
tomas,jones,1943-03-28,29eea220-dc3f-4a18-87b6-fba2b4d989b0
walter,jones,1925-02-24,29eea220-dc3f-4a18-87b6-fba2b4d989b0
walter,jones,1981-03-04,29eea220-dc3f-4a18-87b6-fba2b4d989b0
walter,jones,2022-07-08,29eea220-dc3f-4a18-87b6-fba2b4d989b0
barbara,lee,1961-11-26,29eea220-dc3f-4a18-87b6-fba2b4d989b0
barbara,lee,1969-08-17,29eea220-dc3f-4a18-87b6-fba2b4d989b0
barbara,lee,1983-05-08,29eea220-dc3f-4a18-87b6-fba2b4d989b0
barbara,lee,1989-01-12,29eea220-dc3f-4a18-87b6-fba2b4d989b0
barbara,lee,1999-04-21,29eea220-dc3f-4a18-87b6-fba2b4d989b0
barbara,lee,2003-09-18,29eea220-dc3f-4a18-87b6-fba2b4d989b0
barbara,lee,2017-08-14,29eea220-dc3f-4a18-87b6-fba2b4d989b0
barbara,lee,2018-11-18,29eea220-dc3f-4a18-87b6-fba2b4d989b0
diego,lee,1942-11-15,29eea220-dc3f-4a18-87b6-fba2b4d989b0
diego,lee,1955-09-11,29eea220-dc3f-4a18-87b6-fba2b4d989b0
diego,lee,1969-04-25,29eea220-dc3f-4a18-87b6-fba2b4d989b0
diego,lee,1977-10-06,29eea220-dc3f-4a18-87b6-fba2b4d989b0
diego,lee,1987-07-13,29eea220-dc3f-4a18-87b6-fba2b4d989b0
diego,lee,1996-03-29,29eea220-dc3f-4a18-87b6-fba2b4d989b0
diego,lee,2001-01-03,29eea220-dc3f-4a18-87b6-fba2b4d989b0
federico,lee,1928-01-28,29eea220-dc3f-4a18-87b6-fba2b4d989b0
federico,lee,1932-01-06,29eea220-dc3f-4a18-87b6-fba2b4d989b0
federico,lee,1935-10-25,29eea220-dc3f-4a18-87b6-fba2b4d989b0
federico,lee,1950-03-27,29eea220-dc3f-4a18-87b6-fba2b4d989b0
federico,lee,1975-05-30,29eea220-dc3f-4a18-87b6-fba2b4d989b0
jacqueline,lee,1933-04-20,29eea220-dc3f-4a18-87b6-fba2b4d989b0
jacqueline,lee,1959-03-20,29eea220-dc3f-4a18-87b6-fba2b4d989b0
jacqueline,lee,1996-05-07,29eea220-dc3f-4a18-87b6-fba2b4d989b0
jacqueline,lee,2015-02-20,29eea220-dc3f-4a18-87b6-fba2b4d989b0
james,lee,1940-11-08,29eea220-dc3f-4a18-87b6-fba2b4d989b0
james,lee,1954-09-13,29eea220-dc3f-4a18-87b6-fba2b4d989b0
james,lee,1974-01-18,29eea220-dc3f-4a18-87b6-fba2b4d989b0
james,lee,1983-08-18,29eea220-dc3f-4a18-87b6-fba2b4d989b0
james,lee,1986-06-02,29eea220-dc3f-4a18-87b6-fba2b4d989b0
james,lee,2004-06-13,29eea220-dc3f-4a18-87b6-fba2b4d989b0
jennifer,lee,1946-11-11,29eea220-dc3f-4a18-87b6-fba2b4d989b0
jennifer,lee,1980-03-23,29eea220-dc3f-4a18-87b6-fba2b4d989b0
jennifer,lee,2012-02-16,29eea220-dc3f-4a18-87b6-fba2b4d989b0
jessica,lee,1943-08-17,29eea220-dc3f-4a18-87b6-fba2b4d989b0
jessica,lee,1980-10-28,29eea220-dc3f-4a18-87b6-fba2b4d989b0
jose,lee,1926-04-01,29eea220-dc3f-4a18-87b6-fba2b4d989b0
jose,lee,1931-04-02,29eea220-dc3f-4a18-87b6-fba2b4d989b0
jose,lee,1933-10-28,29eea220-dc3f-4a18-87b6-fba2b4d989b0
jose,lee,1944-08-26,29eea220-dc3f-4a18-87b6-fba2b4d989b0
jose,lee,1950-06-04,29eea220-dc3f-4a18-87b6-fba2b4d989b0
jose,lee,1975-11-26,29eea220-dc3f-4a18-87b6-fba2b4d989b0
jose,lee,1993-03-11,29eea220-dc3f-4a18-87b6-fba2b4d989b0
jose,lee,1999-11-10,29eea220-dc3f-4a18-87b6-fba2b4d989b0
kathleen,lee,2000-08-26,29eea220-dc3f-4a18-87b6-fba2b4d989b0
kathleen,lee,2002-05-16,29eea220-dc3f-4a18-87b6-fba2b4d989b0
kathleen,lee,2012-06-11,29eea220-dc3f-4a18-87b6-fba2b4d989b0
marcel,lee,1959-08-07,29eea220-dc3f-4a18-87b6-fba2b4d989b0
marcel,lee,1978-08-12,29eea220-dc3f-4a18-87b6-fba2b4d989b0
marcel,lee,1994-06-24,29eea220-dc3f-4a18-87b6-fba2b4d989b0
marcel,lee,2014-05-06,29eea220-dc3f-4a18-87b6-fba2b4d989b0
marcel,lee,2020-04-04,29eea220-dc3f-4a18-87b6-fba2b4d989b0
maria,lee,1946-08-26,29eea220-dc3f-4a18-87b6-fba2b4d989b0
maria,lee,2017-02-10,29eea220-dc3f-4a18-87b6-fba2b4d989b0
maria,lee,2018-10-13,29eea220-dc3f-4a18-87b6-fba2b4d989b0
ming,lee,1944-02-06,29eea220-dc3f-4a18-87b6-fba2b4d989b0
ming,lee,1995-08-28,29eea220-dc3f-4a18-87b6-fba2b4d989b0
ming,lee,2016-01-26,29eea220-dc3f-4a18-87b6-fba2b4d989b0
ming,lee,2017-02-09,29eea220-dc3f-4a18-87b6-fba2b4d989b0
robert,lee,1958-07-05,29eea220-dc3f-4a18-87b6-fba2b4d989b0
robert,lee,1967-10-07,29eea220-dc3f-4a18-87b6-fba2b4d989b0
robert,lee,1980-04-23,29eea220-dc3f-4a18-87b6-fba2b4d989b0
robert,lee,1983-08-19,29eea220-dc3f-4a18-87b6-fba2b4d989b0
robert,lee,1986-02-21,29eea220-dc3f-4a18-87b6-fba2b4d989b0
robert,lee,1993-11-17,29eea220-dc3f-4a18-87b6-fba2b4d989b0
tomas,lee,1929-02-27,29eea220-dc3f-4a18-87b6-fba2b4d989b0
tomas,lee,1978-01-01,29eea220-dc3f-4a18-87b6-fba2b4d989b0
tomas,lee,1982-04-19,29eea220-dc3f-4a18-87b6-fba2b4d989b0
tomas,lee,2005-01-03,29eea220-dc3f-4a18-87b6-fba2b4d989b0
tomas,lee,2006-03-04,29eea220-dc3f-4a18-87b6-fba2b4d989b0
tomas,lee,2011-04-18,29eea220-dc3f-4a18-87b6-fba2b4d989b0
tomas,lee,2013-06-17,29eea220-dc3f-4a18-87b6-fba2b4d989b0
walter,lee,1944-03-19,29eea220-dc3f-4a18-87b6-fba2b4d989b0
walter,lee,1970-09-12,29eea220-dc3f-4a18-87b6-fba2b4d989b0
walter,lee,1983-11-19,29eea220-dc3f-4a18-87b6-fba2b4d989b0
walter,lee,1988-11-09,29eea220-dc3f-4a18-87b6-fba2b4d989b0
walter,lee,2011-02-14,29eea220-dc3f-4a18-87b6-fba2b4d989b0
walter,lee,2020-07-17,29eea220-dc3f-4a18-87b6-fba2b4d989b0
barbara,rodriguez,1933-06-11,29eea220-dc3f-4a18-87b6-fba2b4d989b0
barbara,rodriguez,1939-04-22,29eea220-dc3f-4a18-87b6-fba2b4d989b0
barbara,rodriguez,1946-04-03,29eea220-dc3f-4a18-87b6-fba2b4d989b0
barbara,rodriguez,1959-02-20,29eea220-dc3f-4a18-87b6-fba2b4d989b0
barbara,rodriguez,1969-01-04,29eea220-dc3f-4a18-87b6-fba2b4d989b0
barbara,rodriguez,1969-07-27,29eea220-dc3f-4a18-87b6-fba2b4d989b0
barbara,rodriguez,1992-09-18,29eea220-dc3f-4a18-87b6-fba2b4d989b0
diego,rodriguez,1933-10-25,29eea220-dc3f-4a18-87b6-fba2b4d989b0
diego,rodriguez,1934-06-18,29eea220-dc3f-4a18-87b6-fba2b4d989b0
diego,rodriguez,1935-11-12,29eea220-dc3f-4a18-87b6-fba2b4d989b0
diego,rodriguez,1961-05-20,29eea220-dc3f-4a18-87b6-fba2b4d989b0
diego,rodriguez,1965-02-16,29eea220-dc3f-4a18-87b6-fba2b4d989b0
diego,rodriguez,1976-04-12,29eea220-dc3f-4a18-87b6-fba2b4d989b0
diego,rodriguez,1993-05-10,29eea220-dc3f-4a18-87b6-fba2b4d989b0
diego,rodriguez,2016-03-14,29eea220-dc3f-4a18-87b6-fba2b4d989b0
federico,rodriguez,1939-02-11,29eea220-dc3f-4a18-87b6-fba2b4d989b0
federico,rodriguez,1950-09-04,29eea220-dc3f-4a18-87b6-fba2b4d989b0
federico,rodriguez,1955-02-19,29eea220-dc3f-4a18-87b6-fba2b4d989b0
federico,rodriguez,1970-09-19,29eea220-dc3f-4a18-87b6-fba2b4d989b0
federico,rodriguez,1981-08-15,29eea220-dc3f-4a18-87b6-fba2b4d989b0
federico,rodriguez,1997-01-18,29eea220-dc3f-4a18-87b6-fba2b4d989b0
jacqueline,rodriguez,1933-02-12,29eea220-dc3f-4a18-87b6-fba2b4d989b0
jacqueline,rodriguez,1943-02-18,29eea220-dc3f-4a18-87b6-fba2b4d989b0
jacqueline,rodriguez,1947-04-15,29eea220-dc3f-4a18-87b6-fba2b4d989b0
jacqueline,rodriguez,1952-05-05,29eea220-dc3f-4a18-87b6-fba2b4d989b0
jacqueline,rodriguez,1986-09-16,29eea220-dc3f-4a18-87b6-fba2b4d989b0
jacqueline,rodriguez,2017-03-10,29eea220-dc3f-4a18-87b6-fba2b4d989b0
james,rodriguez,1938-10-25,29eea220-dc3f-4a18-87b6-fba2b4d989b0
james,rodriguez,1946-09-25,29eea220-dc3f-4a18-87b6-fba2b4d989b0
james,rodriguez,1968-11-14,29eea220-dc3f-4a18-87b6-fba2b4d989b0
james,rodriguez,1975-02-21,29eea220-dc3f-4a18-87b6-fba2b4d989b0
james,rodriguez,1987-07-10,29eea220-dc3f-4a18-87b6-fba2b4d989b0
james,rodriguez,1989-05-07,29eea220-dc3f-4a18-87b6-fba2b4d989b0
james,rodriguez,1992-03-17,29eea220-dc3f-4a18-87b6-fba2b4d989b0
james,rodriguez,2001-06-14,29eea220-dc3f-4a18-87b6-fba2b4d989b0
james,rodriguez,2014-03-14,29eea220-dc3f-4a18-87b6-fba2b4d989b0
jennifer,rodriguez,1929-01-17,29eea220-dc3f-4a18-87b6-fba2b4d989b0
jennifer,rodriguez,1955-05-13,29eea220-dc3f-4a18-87b6-fba2b4d989b0
jennifer,rodriguez,1956-07-29,29eea220-dc3f-4a18-87b6-fba2b4d989b0
jennifer,rodriguez,1968-06-03,29eea220-dc3f-4a18-87b6-fba2b4d989b0
jennifer,rodriguez,1982-11-21,29eea220-dc3f-4a18-87b6-fba2b4d989b0
jennifer,rodriguez,2023-09-25,29eea220-dc3f-4a18-87b6-fba2b4d989b0
jessica,rodriguez,1924-09-18,29eea220-dc3f-4a18-87b6-fba2b4d989b0
jessica,rodriguez,1938-09-15,29eea220-dc3f-4a18-87b6-fba2b4d989b0
jessica,rodriguez,1990-08-29,29eea220-dc3f-4a18-87b6-fba2b4d989b0
jessica,rodriguez,1996-06-05,29eea220-dc3f-4a18-87b6-fba2b4d989b0
jessica,rodriguez,1999-04-03,29eea220-dc3f-4a18-87b6-fba2b4d989b0
jose,rodriguez,1933-09-06,29eea220-dc3f-4a18-87b6-fba2b4d989b0
jose,rodriguez,1935-03-19,29eea220-dc3f-4a18-87b6-fba2b4d989b0
jose,rodriguez,1935-08-06,29eea220-dc3f-4a18-87b6-fba2b4d989b0
jose,rodriguez,1955-05-10,29eea220-dc3f-4a18-87b6-fba2b4d989b0
jose,rodriguez,1996-10-11,29eea220-dc3f-4a18-87b6-fba2b4d989b0
kathleen,rodriguez,1957-07-25,29eea220-dc3f-4a18-87b6-fba2b4d989b0
kathleen,rodriguez,1977-08-02,29eea220-dc3f-4a18-87b6-fba2b4d989b0
kathleen,rodriguez,1989-03-16,29eea220-dc3f-4a18-87b6-fba2b4d989b0
kathleen,rodriguez,1992-10-21,29eea220-dc3f-4a18-87b6-fba2b4d989b0
kathleen,rodriguez,2022-05-28,29eea220-dc3f-4a18-87b6-fba2b4d989b0
marcel,rodriguez,1932-11-01,29eea220-dc3f-4a18-87b6-fba2b4d989b0
marcel,rodriguez,1962-11-23,29eea220-dc3f-4a18-87b6-fba2b4d989b0
marcel,rodriguez,2007-02-07,29eea220-dc3f-4a18-87b6-fba2b4d989b0
marcel,rodriguez,2019-07-08,29eea220-dc3f-4a18-87b6-fba2b4d989b0
maria,rodriguez,1947-09-05,29eea220-dc3f-4a18-87b6-fba2b4d989b0
maria,rodriguez,2023-10-12,29eea220-dc3f-4a18-87b6-fba2b4d989b0
ming,rodriguez,1924-04-15,29eea220-dc3f-4a18-87b6-fba2b4d989b0
ming,rodriguez,1939-04-10,29eea220-dc3f-4a18-87b6-fba2b4d989b0
ming,rodriguez,1945-06-21,29eea220-dc3f-4a18-87b6-fba2b4d989b0
ming,rodriguez,1956-05-06,29eea220-dc3f-4a18-87b6-fba2b4d989b0
ming,rodriguez,1971-01-27,29eea220-dc3f-4a18-87b6-fba2b4d989b0
ming,rodriguez,1972-10-12,29eea220-dc3f-4a18-87b6-fba2b4d989b0
ming,rodriguez,1991-11-12,29eea220-dc3f-4a18-87b6-fba2b4d989b0
ming,rodriguez,1996-06-19,29eea220-dc3f-4a18-87b6-fba2b4d989b0
ming,rodriguez,1999-06-22,29eea220-dc3f-4a18-87b6-fba2b4d989b0
ming,rodriguez,2007-09-17,29eea220-dc3f-4a18-87b6-fba2b4d989b0
robert,rodriguez,1924-10-11,29eea220-dc3f-4a18-87b6-fba2b4d989b0
robert,rodriguez,1940-11-26,29eea220-dc3f-4a18-87b6-fba2b4d989b0
robert,rodriguez,1950-08-01,29eea220-dc3f-4a18-87b6-fba2b4d989b0
robert,rodriguez,1976-02-07,29eea220-dc3f-4a18-87b6-fba2b4d989b0
robert,rodriguez,1981-05-11,29eea220-dc3f-4a18-87b6-fba2b4d989b0
robert,rodriguez,2000-01-12,29eea220-dc3f-4a18-87b6-fba2b4d989b0
robert,rodriguez,2009-10-02,29eea220-dc3f-4a18-87b6-fba2b4d989b0
tomas,rodriguez,1936-05-19,29eea220-dc3f-4a18-87b6-fba2b4d989b0
tomas,rodriguez,1948-10-04,29eea220-dc3f-4a18-87b6-fba2b4d989b0
tomas,rodriguez,1969-11-07,29eea220-dc3f-4a18-87b6-fba2b4d989b0
tomas,rodriguez,1982-10-09,29eea220-dc3f-4a18-87b6-fba2b4d989b0
tomas,rodriguez,1990-05-03,29eea220-dc3f-4a18-87b6-fba2b4d989b0
tomas,rodriguez,1993-03-20,29eea220-dc3f-4a18-87b6-fba2b4d989b0
tomas,rodriguez,2007-02-13,29eea220-dc3f-4a18-87b6-fba2b4d989b0
walter,rodriguez,1937-11-12,29eea220-dc3f-4a18-87b6-fba2b4d989b0
walter,rodriguez,1958-02-19,29eea220-dc3f-4a18-87b6-fba2b4d989b0
walter,rodriguez,1961-03-17,29eea220-dc3f-4a18-87b6-fba2b4d989b0
walter,rodriguez,1969-10-09,29eea220-dc3f-4a18-87b6-fba2b4d989b0
walter,rodriguez,2014-10-09,29eea220-dc3f-4a18-87b6-fba2b4d989b0
barbara,schmidt,1951-08-26,29eea220-dc3f-4a18-87b6-fba2b4d989b0
barbara,schmidt,1965-09-07,29eea220-dc3f-4a18-87b6-fba2b4d989b0
barbara,schmidt,1979-03-29,29eea220-dc3f-4a18-87b6-fba2b4d989b0
barbara,schmidt,1983-06-15,29eea220-dc3f-4a18-87b6-fba2b4d989b0
barbara,schmidt,1989-02-03,29eea220-dc3f-4a18-87b6-fba2b4d989b0
diego,schmidt,1927-08-08,29eea220-dc3f-4a18-87b6-fba2b4d989b0
diego,schmidt,1935-11-24,29eea220-dc3f-4a18-87b6-fba2b4d989b0
diego,schmidt,1942-01-11,29eea220-dc3f-4a18-87b6-fba2b4d989b0
diego,schmidt,1950-02-20,29eea220-dc3f-4a18-87b6-fba2b4d989b0
diego,schmidt,1969-09-10,29eea220-dc3f-4a18-87b6-fba2b4d989b0
diego,schmidt,1976-11-13,29eea220-dc3f-4a18-87b6-fba2b4d989b0
diego,schmidt,1988-09-19,29eea220-dc3f-4a18-87b6-fba2b4d989b0
diego,schmidt,2004-10-19,29eea220-dc3f-4a18-87b6-fba2b4d989b0
diego,schmidt,2005-01-18,29eea220-dc3f-4a18-87b6-fba2b4d989b0
diego,schmidt,2011-08-28,29eea220-dc3f-4a18-87b6-fba2b4d989b0
diego,schmidt,2018-02-10,29eea220-dc3f-4a18-87b6-fba2b4d989b0
diego,schmidt,2023-06-08,29eea220-dc3f-4a18-87b6-fba2b4d989b0
federico,schmidt,1931-04-10,29eea220-dc3f-4a18-87b6-fba2b4d989b0
federico,schmidt,1933-04-27,29eea220-dc3f-4a18-87b6-fba2b4d989b0
federico,schmidt,1935-11-27,29eea220-dc3f-4a18-87b6-fba2b4d989b0
federico,schmidt,1949-04-07,29eea220-dc3f-4a18-87b6-fba2b4d989b0
federico,schmidt,1986-03-10,29eea220-dc3f-4a18-87b6-fba2b4d989b0
federico,schmidt,2008-01-14,29eea220-dc3f-4a18-87b6-fba2b4d989b0
jacqueline,schmidt,1969-03-28,29eea220-dc3f-4a18-87b6-fba2b4d989b0
jacqueline,schmidt,1975-06-15,29eea220-dc3f-4a18-87b6-fba2b4d989b0
jacqueline,schmidt,1975-09-06,29eea220-dc3f-4a18-87b6-fba2b4d989b0
jacqueline,schmidt,2005-10-10,29eea220-dc3f-4a18-87b6-fba2b4d989b0
james,schmidt,1951-06-16,29eea220-dc3f-4a18-87b6-fba2b4d989b0
james,schmidt,1961-07-22,29eea220-dc3f-4a18-87b6-fba2b4d989b0
james,schmidt,1995-11-15,29eea220-dc3f-4a18-87b6-fba2b4d989b0
james,schmidt,2006-06-03,29eea220-dc3f-4a18-87b6-fba2b4d989b0
james,schmidt,2017-11-29,29eea220-dc3f-4a18-87b6-fba2b4d989b0
jennifer,schmidt,1933-02-11,29eea220-dc3f-4a18-87b6-fba2b4d989b0
jennifer,schmidt,1935-06-14,29eea220-dc3f-4a18-87b6-fba2b4d989b0
jennifer,schmidt,1959-08-19,29eea220-dc3f-4a18-87b6-fba2b4d989b0
jennifer,schmidt,1976-06-26,29eea220-dc3f-4a18-87b6-fba2b4d989b0
jennifer,schmidt,1992-11-17,29eea220-dc3f-4a18-87b6-fba2b4d989b0
jennifer,schmidt,2001-10-05,29eea220-dc3f-4a18-87b6-fba2b4d989b0
jessica,schmidt,1938-01-12,29eea220-dc3f-4a18-87b6-fba2b4d989b0
jessica,schmidt,1957-03-25,29eea220-dc3f-4a18-87b6-fba2b4d989b0
jessica,schmidt,1974-02-10,29eea220-dc3f-4a18-87b6-fba2b4d989b0
jessica,schmidt,1995-05-10,29eea220-dc3f-4a18-87b6-fba2b4d989b0
jessica,schmidt,2021-02-02,29eea220-dc3f-4a18-87b6-fba2b4d989b0
jose,schmidt,1934-04-04,29eea220-dc3f-4a18-87b6-fba2b4d989b0
jose,schmidt,1983-05-15,29eea220-dc3f-4a18-87b6-fba2b4d989b0
jose,schmidt,1989-11-14,29eea220-dc3f-4a18-87b6-fba2b4d989b0
jose,schmidt,2001-05-01,29eea220-dc3f-4a18-87b6-fba2b4d989b0
kathleen,schmidt,1924-10-19,29eea220-dc3f-4a18-87b6-fba2b4d989b0
kathleen,schmidt,1936-10-10,29eea220-dc3f-4a18-87b6-fba2b4d989b0
kathleen,schmidt,1943-01-27,29eea220-dc3f-4a18-87b6-fba2b4d989b0
kathleen,schmidt,1958-11-04,29eea220-dc3f-4a18-87b6-fba2b4d989b0
kathleen,schmidt,1960-09-21,29eea220-dc3f-4a18-87b6-fba2b4d989b0
kathleen,schmidt,1994-02-13,29eea220-dc3f-4a18-87b6-fba2b4d989b0
kathleen,schmidt,2007-10-14,29eea220-dc3f-4a18-87b6-fba2b4d989b0
kathleen,schmidt,2018-11-14,29eea220-dc3f-4a18-87b6-fba2b4d989b0
kathleen,schmidt,2019-04-24,29eea220-dc3f-4a18-87b6-fba2b4d989b0
marcel,schmidt,1943-06-12,29eea220-dc3f-4a18-87b6-fba2b4d989b0
maria,schmidt,1926-06-20,29eea220-dc3f-4a18-87b6-fba2b4d989b0
maria,schmidt,1934-01-17,29eea220-dc3f-4a18-87b6-fba2b4d989b0
maria,schmidt,1979-08-23,29eea220-dc3f-4a18-87b6-fba2b4d989b0
maria,schmidt,1980-02-22,29eea220-dc3f-4a18-87b6-fba2b4d989b0
maria,schmidt,1985-10-09,29eea220-dc3f-4a18-87b6-fba2b4d989b0
maria,schmidt,1992-06-17,29eea220-dc3f-4a18-87b6-fba2b4d989b0
maria,schmidt,1994-06-19,29eea220-dc3f-4a18-87b6-fba2b4d989b0
maria,schmidt,2022-08-07,29eea220-dc3f-4a18-87b6-fba2b4d989b0
ming,schmidt,1926-04-29,29eea220-dc3f-4a18-87b6-fba2b4d989b0
ming,schmidt,1929-03-09,29eea220-dc3f-4a18-87b6-fba2b4d989b0
ming,schmidt,1944-07-22,29eea220-dc3f-4a18-87b6-fba2b4d989b0
ming,schmidt,1946-02-01,29eea220-dc3f-4a18-87b6-fba2b4d989b0
ming,schmidt,1954-08-14,29eea220-dc3f-4a18-87b6-fba2b4d989b0
ming,schmidt,1971-04-08,29eea220-dc3f-4a18-87b6-fba2b4d989b0
ming,schmidt,1975-08-20,29eea220-dc3f-4a18-87b6-fba2b4d989b0
ming,schmidt,1978-05-15,29eea220-dc3f-4a18-87b6-fba2b4d989b0
ming,schmidt,1990-07-09,29eea220-dc3f-4a18-87b6-fba2b4d989b0
ming,schmidt,1992-03-17,29eea220-dc3f-4a18-87b6-fba2b4d989b0
ming,schmidt,1992-06-08,29eea220-dc3f-4a18-87b6-fba2b4d989b0
ming,schmidt,2002-02-19,29eea220-dc3f-4a18-87b6-fba2b4d989b0
robert,schmidt,2016-06-17,29eea220-dc3f-4a18-87b6-fba2b4d989b0
tomas,schmidt,1932-03-16,29eea220-dc3f-4a18-87b6-fba2b4d989b0
tomas,schmidt,1943-05-27,29eea220-dc3f-4a18-87b6-fba2b4d989b0
tomas,schmidt,1950-02-04,29eea220-dc3f-4a18-87b6-fba2b4d989b0
walter,schmidt,1940-11-28,29eea220-dc3f-4a18-87b6-fba2b4d989b0
walter,schmidt,1961-04-04,29eea220-dc3f-4a18-87b6-fba2b4d989b0
walter,schmidt,1971-10-06,29eea220-dc3f-4a18-87b6-fba2b4d989b0
walter,schmidt,1988-06-29,29eea220-dc3f-4a18-87b6-fba2b4d989b0
walter,schmidt,1993-05-14,29eea220-dc3f-4a18-87b6-fba2b4d989b0
walter,schmidt,1993-06-22,29eea220-dc3f-4a18-87b6-fba2b4d989b0
walter,schmidt,2004-02-05,29eea220-dc3f-4a18-87b6-fba2b4d989b0
walter,schmidt,2004-07-28,29eea220-dc3f-4a18-87b6-fba2b4d989b0
barbara,smith,1962-01-03,29eea220-dc3f-4a18-87b6-fba2b4d989b0
barbara,smith,1988-06-10,29eea220-dc3f-4a18-87b6-fba2b4d989b0
barbara,smith,1995-05-22,29eea220-dc3f-4a18-87b6-fba2b4d989b0
barbara,smith,2019-07-23,29eea220-dc3f-4a18-87b6-fba2b4d989b0
diego,smith,1981-10-04,29eea220-dc3f-4a18-87b6-fba2b4d989b0
diego,smith,1982-04-19,29eea220-dc3f-4a18-87b6-fba2b4d989b0
diego,smith,1995-02-02,29eea220-dc3f-4a18-87b6-fba2b4d989b0
diego,smith,2005-01-18,29eea220-dc3f-4a18-87b6-fba2b4d989b0
diego,smith,2010-05-21,29eea220-dc3f-4a18-87b6-fba2b4d989b0
diego,smith,2020-03-22,29eea220-dc3f-4a18-87b6-fba2b4d989b0
federico,smith,1924-06-21,29eea220-dc3f-4a18-87b6-fba2b4d989b0
federico,smith,1927-06-08,29eea220-dc3f-4a18-87b6-fba2b4d989b0
jacqueline,smith,1961-04-01,29eea220-dc3f-4a18-87b6-fba2b4d989b0
jacqueline,smith,1984-08-26,29eea220-dc3f-4a18-87b6-fba2b4d989b0
jacqueline,smith,2002-10-29,29eea220-dc3f-4a18-87b6-fba2b4d989b0
jacqueline,smith,2020-08-16,29eea220-dc3f-4a18-87b6-fba2b4d989b0
james,smith,1941-02-04,29eea220-dc3f-4a18-87b6-fba2b4d989b0
james,smith,1978-04-24,29eea220-dc3f-4a18-87b6-fba2b4d989b0
james,smith,1990-01-05,29eea220-dc3f-4a18-87b6-fba2b4d989b0
jennifer,smith,1936-03-11,29eea220-dc3f-4a18-87b6-fba2b4d989b0
jennifer,smith,1942-02-14,29eea220-dc3f-4a18-87b6-fba2b4d989b0
jennifer,smith,1969-04-16,29eea220-dc3f-4a18-87b6-fba2b4d989b0
jennifer,smith,2009-02-17,29eea220-dc3f-4a18-87b6-fba2b4d989b0
jennifer,smith,2010-09-09,29eea220-dc3f-4a18-87b6-fba2b4d989b0
jennifer,smith,2019-02-27,29eea220-dc3f-4a18-87b6-fba2b4d989b0
jessica,smith,1967-01-30,29eea220-dc3f-4a18-87b6-fba2b4d989b0
jessica,smith,2003-03-26,29eea220-dc3f-4a18-87b6-fba2b4d989b0
jessica,smith,2020-02-04,29eea220-dc3f-4a18-87b6-fba2b4d989b0
jessica,smith,2021-06-15,29eea220-dc3f-4a18-87b6-fba2b4d989b0
jose,smith,1937-03-11,29eea220-dc3f-4a18-87b6-fba2b4d989b0
jose,smith,1970-04-02,29eea220-dc3f-4a18-87b6-fba2b4d989b0
jose,smith,1972-04-10,29eea220-dc3f-4a18-87b6-fba2b4d989b0
jose,smith,1985-03-12,29eea220-dc3f-4a18-87b6-fba2b4d989b0
jose,smith,2004-01-19,29eea220-dc3f-4a18-87b6-fba2b4d989b0
jose,smith,2010-06-26,29eea220-dc3f-4a18-87b6-fba2b4d989b0
kathleen,smith,1927-08-06,29eea220-dc3f-4a18-87b6-fba2b4d989b0
kathleen,smith,1977-03-24,29eea220-dc3f-4a18-87b6-fba2b4d989b0
kathleen,smith,1978-07-12,29eea220-dc3f-4a18-87b6-fba2b4d989b0
kathleen,smith,2008-08-22,29eea220-dc3f-4a18-87b6-fba2b4d989b0
marcel,smith,1930-04-20,29eea220-dc3f-4a18-87b6-fba2b4d989b0
marcel,smith,1936-06-20,29eea220-dc3f-4a18-87b6-fba2b4d989b0
marcel,smith,1947-03-05,29eea220-dc3f-4a18-87b6-fba2b4d989b0
marcel,smith,1955-11-13,29eea220-dc3f-4a18-87b6-fba2b4d989b0
marcel,smith,1981-09-26,29eea220-dc3f-4a18-87b6-fba2b4d989b0
marcel,smith,1996-07-04,29eea220-dc3f-4a18-87b6-fba2b4d989b0
maria,smith,1947-01-14,29eea220-dc3f-4a18-87b6-fba2b4d989b0
maria,smith,1953-06-16,29eea220-dc3f-4a18-87b6-fba2b4d989b0
maria,smith,2004-08-22,29eea220-dc3f-4a18-87b6-fba2b4d989b0
ming,smith,1925-06-11,29eea220-dc3f-4a18-87b6-fba2b4d989b0
ming,smith,1930-08-08,29eea220-dc3f-4a18-87b6-fba2b4d989b0
ming,smith,1942-05-05,29eea220-dc3f-4a18-87b6-fba2b4d989b0
ming,smith,1950-08-09,29eea220-dc3f-4a18-87b6-fba2b4d989b0
ming,smith,1964-04-09,29eea220-dc3f-4a18-87b6-fba2b4d989b0
ming,smith,2008-01-22,29eea220-dc3f-4a18-87b6-fba2b4d989b0
ming,smith,2012-01-29,29eea220-dc3f-4a18-87b6-fba2b4d989b0
robert,smith,1924-04-04,29eea220-dc3f-4a18-87b6-fba2b4d989b0
robert,smith,1939-01-19,29eea220-dc3f-4a18-87b6-fba2b4d989b0
robert,smith,1940-02-24,29eea220-dc3f-4a18-87b6-fba2b4d989b0
robert,smith,1999-10-21,29eea220-dc3f-4a18-87b6-fba2b4d989b0
robert,smith,2008-11-16,29eea220-dc3f-4a18-87b6-fba2b4d989b0
robert,smith,2012-01-20,29eea220-dc3f-4a18-87b6-fba2b4d989b0
tomas,smith,1936-11-27,29eea220-dc3f-4a18-87b6-fba2b4d989b0
tomas,smith,1957-09-16,29eea220-dc3f-4a18-87b6-fba2b4d989b0
tomas,smith,1961-02-25,29eea220-dc3f-4a18-87b6-fba2b4d989b0
tomas,smith,1972-04-05,29eea220-dc3f-4a18-87b6-fba2b4d989b0
tomas,smith,1975-03-20,29eea220-dc3f-4a18-87b6-fba2b4d989b0
tomas,smith,1988-04-26,29eea220-dc3f-4a18-87b6-fba2b4d989b0
tomas,smith,1994-03-30,29eea220-dc3f-4a18-87b6-fba2b4d989b0
tomas,smith,2008-11-22,29eea220-dc3f-4a18-87b6-fba2b4d989b0
walter,smith,2019-05-02,29eea220-dc3f-4a18-87b6-fba2b4d989b0
barbara,tan,1953-09-09,29eea220-dc3f-4a18-87b6-fba2b4d989b0
barbara,tan,1954-07-29,29eea220-dc3f-4a18-87b6-fba2b4d989b0
barbara,tan,1974-03-18,29eea220-dc3f-4a18-87b6-fba2b4d989b0
barbara,tan,1975-04-19,29eea220-dc3f-4a18-87b6-fba2b4d989b0
barbara,tan,1983-06-02,29eea220-dc3f-4a18-87b6-fba2b4d989b0
barbara,tan,2007-03-15,29eea220-dc3f-4a18-87b6-fba2b4d989b0
barbara,tan,2009-04-12,29eea220-dc3f-4a18-87b6-fba2b4d989b0
barbara,tan,2012-01-15,29eea220-dc3f-4a18-87b6-fba2b4d989b0
diego,tan,1970-05-01,29eea220-dc3f-4a18-87b6-fba2b4d989b0
diego,tan,1985-01-20,29eea220-dc3f-4a18-87b6-fba2b4d989b0
diego,tan,1997-11-16,29eea220-dc3f-4a18-87b6-fba2b4d989b0
diego,tan,2009-10-16,29eea220-dc3f-4a18-87b6-fba2b4d989b0
diego,tan,2020-10-06,29eea220-dc3f-4a18-87b6-fba2b4d989b0
federico,tan,1932-01-07,29eea220-dc3f-4a18-87b6-fba2b4d989b0
federico,tan,1941-05-29,29eea220-dc3f-4a18-87b6-fba2b4d989b0
federico,tan,1985-07-30,29eea220-dc3f-4a18-87b6-fba2b4d989b0
jacqueline,tan,1953-08-03,29eea220-dc3f-4a18-87b6-fba2b4d989b0
jacqueline,tan,1962-06-11,29eea220-dc3f-4a18-87b6-fba2b4d989b0
jacqueline,tan,1974-08-17,29eea220-dc3f-4a18-87b6-fba2b4d989b0
jacqueline,tan,1988-11-24,29eea220-dc3f-4a18-87b6-fba2b4d989b0
james,tan,1978-10-22,29eea220-dc3f-4a18-87b6-fba2b4d989b0
james,tan,1981-05-21,29eea220-dc3f-4a18-87b6-fba2b4d989b0
jennifer,tan,1932-02-20,29eea220-dc3f-4a18-87b6-fba2b4d989b0
jennifer,tan,1933-11-15,29eea220-dc3f-4a18-87b6-fba2b4d989b0
jennifer,tan,1944-01-13,29eea220-dc3f-4a18-87b6-fba2b4d989b0
jennifer,tan,1974-06-08,29eea220-dc3f-4a18-87b6-fba2b4d989b0
jennifer,tan,2008-06-17,29eea220-dc3f-4a18-87b6-fba2b4d989b0
jessica,tan,1949-01-19,29eea220-dc3f-4a18-87b6-fba2b4d989b0
jessica,tan,1989-01-25,29eea220-dc3f-4a18-87b6-fba2b4d989b0
jessica,tan,2010-09-26,29eea220-dc3f-4a18-87b6-fba2b4d989b0
jessica,tan,2014-08-01,29eea220-dc3f-4a18-87b6-fba2b4d989b0
jessica,tan,2016-04-16,29eea220-dc3f-4a18-87b6-fba2b4d989b0
jessica,tan,2016-06-08,29eea220-dc3f-4a18-87b6-fba2b4d989b0
jose,tan,1932-01-29,29eea220-dc3f-4a18-87b6-fba2b4d989b0
jose,tan,1962-06-09,29eea220-dc3f-4a18-87b6-fba2b4d989b0
jose,tan,1972-04-06,29eea220-dc3f-4a18-87b6-fba2b4d989b0
jose,tan,1981-03-11,29eea220-dc3f-4a18-87b6-fba2b4d989b0
jose,tan,1981-10-07,29eea220-dc3f-4a18-87b6-fba2b4d989b0
jose,tan,1988-03-02,29eea220-dc3f-4a18-87b6-fba2b4d989b0
jose,tan,1989-10-08,29eea220-dc3f-4a18-87b6-fba2b4d989b0
jose,tan,2010-07-30,29eea220-dc3f-4a18-87b6-fba2b4d989b0
kathleen,tan,1926-06-04,29eea220-dc3f-4a18-87b6-fba2b4d989b0
kathleen,tan,1957-05-15,29eea220-dc3f-4a18-87b6-fba2b4d989b0
kathleen,tan,1981-09-15,29eea220-dc3f-4a18-87b6-fba2b4d989b0
kathleen,tan,2011-11-28,29eea220-dc3f-4a18-87b6-fba2b4d989b0
marcel,tan,1931-04-05,29eea220-dc3f-4a18-87b6-fba2b4d989b0
marcel,tan,1963-03-22,29eea220-dc3f-4a18-87b6-fba2b4d989b0
marcel,tan,1969-04-26,29eea220-dc3f-4a18-87b6-fba2b4d989b0
maria,tan,1934-06-09,29eea220-dc3f-4a18-87b6-fba2b4d989b0
maria,tan,1946-08-25,29eea220-dc3f-4a18-87b6-fba2b4d989b0
maria,tan,1946-11-11,29eea220-dc3f-4a18-87b6-fba2b4d989b0
maria,tan,1947-08-07,29eea220-dc3f-4a18-87b6-fba2b4d989b0
maria,tan,1950-09-02,29eea220-dc3f-4a18-87b6-fba2b4d989b0
maria,tan,1960-07-27,29eea220-dc3f-4a18-87b6-fba2b4d989b0
maria,tan,1981-02-27,29eea220-dc3f-4a18-87b6-fba2b4d989b0
maria,tan,1990-11-05,29eea220-dc3f-4a18-87b6-fba2b4d989b0
maria,tan,2001-07-24,29eea220-dc3f-4a18-87b6-fba2b4d989b0
ming,tan,1924-05-24,29eea220-dc3f-4a18-87b6-fba2b4d989b0
ming,tan,1962-10-11,29eea220-dc3f-4a18-87b6-fba2b4d989b0
ming,tan,1978-02-08,29eea220-dc3f-4a18-87b6-fba2b4d989b0
ming,tan,1979-05-01,29eea220-dc3f-4a18-87b6-fba2b4d989b0
ming,tan,1995-02-12,29eea220-dc3f-4a18-87b6-fba2b4d989b0
ming,tan,1997-01-30,29eea220-dc3f-4a18-87b6-fba2b4d989b0
ming,tan,2018-03-02,29eea220-dc3f-4a18-87b6-fba2b4d989b0
ming,tan,2018-10-06,29eea220-dc3f-4a18-87b6-fba2b4d989b0
ming,tan,2019-11-20,29eea220-dc3f-4a18-87b6-fba2b4d989b0
ming,tan,2021-01-25,29eea220-dc3f-4a18-87b6-fba2b4d989b0
robert,tan,1964-04-12,29eea220-dc3f-4a18-87b6-fba2b4d989b0
robert,tan,1967-05-30,29eea220-dc3f-4a18-87b6-fba2b4d989b0
robert,tan,1977-03-15,29eea220-dc3f-4a18-87b6-fba2b4d989b0
robert,tan,2001-08-24,29eea220-dc3f-4a18-87b6-fba2b4d989b0
robert,tan,2002-11-19,29eea220-dc3f-4a18-87b6-fba2b4d989b0
robert,tan,2012-09-13,29eea220-dc3f-4a18-87b6-fba2b4d989b0
tomas,tan,1944-11-11,29eea220-dc3f-4a18-87b6-fba2b4d989b0
tomas,tan,2020-04-20,29eea220-dc3f-4a18-87b6-fba2b4d989b0
walter,tan,1952-11-05,29eea220-dc3f-4a18-87b6-fba2b4d989b0
walter,tan,1963-11-04,29eea220-dc3f-4a18-87b6-fba2b4d989b0
walter,tan,1968-07-13,29eea220-dc3f-4a18-87b6-fba2b4d989b0
walter,tan,1985-06-14,29eea220-dc3f-4a18-87b6-fba2b4d989b0
barbara,yang,1925-10-21,29eea220-dc3f-4a18-87b6-fba2b4d989b0
barbara,yang,1946-05-09,29eea220-dc3f-4a18-87b6-fba2b4d989b0
barbara,yang,1976-07-16,29eea220-dc3f-4a18-87b6-fba2b4d989b0
barbara,yang,1979-05-26,29eea220-dc3f-4a18-87b6-fba2b4d989b0
barbara,yang,1994-09-25,29eea220-dc3f-4a18-87b6-fba2b4d989b0
barbara,yang,2000-09-28,29eea220-dc3f-4a18-87b6-fba2b4d989b0
diego,yang,1938-05-20,29eea220-dc3f-4a18-87b6-fba2b4d989b0
diego,yang,1946-02-13,29eea220-dc3f-4a18-87b6-fba2b4d989b0
diego,yang,1946-07-14,29eea220-dc3f-4a18-87b6-fba2b4d989b0
diego,yang,1970-10-15,29eea220-dc3f-4a18-87b6-fba2b4d989b0
diego,yang,2017-06-20,29eea220-dc3f-4a18-87b6-fba2b4d989b0
diego,yang,2019-03-27,29eea220-dc3f-4a18-87b6-fba2b4d989b0
federico,yang,1937-08-09,29eea220-dc3f-4a18-87b6-fba2b4d989b0
federico,yang,1942-05-02,29eea220-dc3f-4a18-87b6-fba2b4d989b0
federico,yang,1962-03-10,29eea220-dc3f-4a18-87b6-fba2b4d989b0
federico,yang,2014-02-18,29eea220-dc3f-4a18-87b6-fba2b4d989b0
jacqueline,yang,1939-06-13,29eea220-dc3f-4a18-87b6-fba2b4d989b0
jacqueline,yang,1951-05-26,29eea220-dc3f-4a18-87b6-fba2b4d989b0
jacqueline,yang,1957-08-08,29eea220-dc3f-4a18-87b6-fba2b4d989b0
jacqueline,yang,2015-03-02,29eea220-dc3f-4a18-87b6-fba2b4d989b0
jacqueline,yang,2018-10-30,29eea220-dc3f-4a18-87b6-fba2b4d989b0
james,yang,1927-11-11,29eea220-dc3f-4a18-87b6-fba2b4d989b0
james,yang,1931-09-14,29eea220-dc3f-4a18-87b6-fba2b4d989b0
james,yang,1942-11-21,29eea220-dc3f-4a18-87b6-fba2b4d989b0
james,yang,1963-03-14,29eea220-dc3f-4a18-87b6-fba2b4d989b0
james,yang,1973-09-25,29eea220-dc3f-4a18-87b6-fba2b4d989b0
jennifer,yang,1981-03-01,29eea220-dc3f-4a18-87b6-fba2b4d989b0
jennifer,yang,1981-11-13,29eea220-dc3f-4a18-87b6-fba2b4d989b0
jessica,yang,1926-05-09,29eea220-dc3f-4a18-87b6-fba2b4d989b0
jessica,yang,1929-08-29,29eea220-dc3f-4a18-87b6-fba2b4d989b0
jessica,yang,1937-01-09,29eea220-dc3f-4a18-87b6-fba2b4d989b0
jessica,yang,1947-03-09,29eea220-dc3f-4a18-87b6-fba2b4d989b0
jessica,yang,1954-06-25,29eea220-dc3f-4a18-87b6-fba2b4d989b0
jessica,yang,1970-04-05,29eea220-dc3f-4a18-87b6-fba2b4d989b0
jessica,yang,1977-05-01,29eea220-dc3f-4a18-87b6-fba2b4d989b0
jessica,yang,2017-02-20,29eea220-dc3f-4a18-87b6-fba2b4d989b0
jose,yang,1951-07-26,29eea220-dc3f-4a18-87b6-fba2b4d989b0
jose,yang,1967-07-03,29eea220-dc3f-4a18-87b6-fba2b4d989b0
jose,yang,1985-05-10,29eea220-dc3f-4a18-87b6-fba2b4d989b0
jose,yang,1991-10-11,29eea220-dc3f-4a18-87b6-fba2b4d989b0
kathleen,yang,1929-02-04,29eea220-dc3f-4a18-87b6-fba2b4d989b0
kathleen,yang,1954-03-28,29eea220-dc3f-4a18-87b6-fba2b4d989b0
kathleen,yang,1971-03-22,29eea220-dc3f-4a18-87b6-fba2b4d989b0
kathleen,yang,2008-10-02,29eea220-dc3f-4a18-87b6-fba2b4d989b0
kathleen,yang,2011-04-09,29eea220-dc3f-4a18-87b6-fba2b4d989b0
marcel,yang,1947-06-02,29eea220-dc3f-4a18-87b6-fba2b4d989b0
marcel,yang,1958-06-22,29eea220-dc3f-4a18-87b6-fba2b4d989b0
marcel,yang,1972-06-06,29eea220-dc3f-4a18-87b6-fba2b4d989b0
marcel,yang,1979-04-19,29eea220-dc3f-4a18-87b6-fba2b4d989b0
marcel,yang,2014-04-08,29eea220-dc3f-4a18-87b6-fba2b4d989b0
maria,yang,1932-01-25,29eea220-dc3f-4a18-87b6-fba2b4d989b0
maria,yang,1962-07-24,29eea220-dc3f-4a18-87b6-fba2b4d989b0
maria,yang,1988-01-26,29eea220-dc3f-4a18-87b6-fba2b4d989b0
ming,yang,1939-03-06,29eea220-dc3f-4a18-87b6-fba2b4d989b0
ming,yang,1942-04-21,29eea220-dc3f-4a18-87b6-fba2b4d989b0
ming,yang,1944-02-05,29eea220-dc3f-4a18-87b6-fba2b4d989b0
ming,yang,1951-03-20,29eea220-dc3f-4a18-87b6-fba2b4d989b0
ming,yang,1952-02-17,29eea220-dc3f-4a18-87b6-fba2b4d989b0
ming,yang,1978-04-17,29eea220-dc3f-4a18-87b6-fba2b4d989b0
ming,yang,2014-08-13,29eea220-dc3f-4a18-87b6-fba2b4d989b0
robert,yang,1930-06-25,29eea220-dc3f-4a18-87b6-fba2b4d989b0
robert,yang,1935-03-06,29eea220-dc3f-4a18-87b6-fba2b4d989b0
robert,yang,1983-02-09,29eea220-dc3f-4a18-87b6-fba2b4d989b0
robert,yang,1997-01-18,29eea220-dc3f-4a18-87b6-fba2b4d989b0
tomas,yang,1926-02-08,29eea220-dc3f-4a18-87b6-fba2b4d989b0
tomas,yang,1930-02-01,29eea220-dc3f-4a18-87b6-fba2b4d989b0
tomas,yang,1946-10-30,29eea220-dc3f-4a18-87b6-fba2b4d989b0
tomas,yang,1954-07-02,29eea220-dc3f-4a18-87b6-fba2b4d989b0
tomas,yang,1988-02-20,29eea220-dc3f-4a18-87b6-fba2b4d989b0
tomas,yang,1988-07-12,29eea220-dc3f-4a18-87b6-fba2b4d989b0
tomas,yang,2017-11-16,29eea220-dc3f-4a18-87b6-fba2b4d989b0
walter,yang,1930-05-01,29eea220-dc3f-4a18-87b6-fba2b4d989b0
walter,yang,1983-08-07,29eea220-dc3f-4a18-87b6-fba2b4d989b0
walter,yang,2001-05-24,29eea220-dc3f-4a18-87b6-fba2b4d989b0
